이름*,맛,당도*,도수*,색상*,베이스*,레시피*,키워드,설명*,신맛내는거,,신맛내는거 포함 문자열
어스퀘이크(진),쓴맛,쓴맛,37,#c39c3d,gin,"드라이 진, 위스키, 페르노",,강한 향과 배합으로 알코올 도수에 주의.,0,,레몬
아이디얼,상쾌한맛,중간 맛,30,#b2b1c3,gin,"드라이 진, 드라이 베르무트, 포도 주스, 마라스키노",,기호에 따라 맛에 강약을 가미할 수 있는 상쾌한 칵테일.,0,,오렌지
푸른 산호초,상큼한맛,중간 맛,33,#46724a,gin,"드라이 진, 페퍼민트 그린",,멋진 이름의 전설의 칵테일.,0,,라임
아티,쓴맛 ,쓴맛 ,32,#bfad9d,gin,"드라이 진, 드라이 베르무트, 크림 드 바이올렛, 페르노",,색의 아름다움도 즐거움의 하나. 쌉싸름한 칵테일.,0,,
아비에이션,쓴맛 ,쓴맛,28,#bdbbc7,gin,"드라이 진, 레몬 주스, 마라스키노",,얼얼하고 건조한 맛의 쓴 칵테일.,1,,
애피타이저,"단맛, 떫은맛",중간 맛,24,#d1a919,gin,"드라이 진, 듀보네, 오렌지 주스",,이름 그대로 식욕을 돋구어 주는 식전주.,1,,
아베이,쓴맛 ,쓴맛,28,#b6816b,gin,"드라이 진, 오렌지 주스, 오린제 비터",,오렌지 향이 상쾌하게 입안에 퍼진다.,1,,
아마폴라,단맛,단맛,24,#c57527,gin,"탕카레 스페셜 드라이 진, 그랑 마니에 골든 루주, 디타, 플레시 오렌지 주스, 그레나덴 시럽",,쓴맛의 진을 사용한 달콤한 사랑의 칵테일.,1,,
암스테르담,"신맛, 단맛",중간 맛,31,#c7ae3d,gin,"더치 주니퍼, 쿠앵트로, 오렌지 주스, 앙고스트라 비터",,네덜란드의 수도를 이미지화하여 만든 칵테일.,1,,
어라운드 더 월드,신맛,중간 맛,30,#107823,gin,"드라이 진, 그린 페퍼민트, 파인애플 주스",,시원한 느낌의 색채와 상쾌한 신맛의 여름철의 식전주.,1,,
알래스카,깔끔한맛,중간 맛,39,#bbbcb6,gin,"드라이 진, 샤르트뢰즈 옐로",,도수가 높은 향을 배합시킨 깔끔한 맛.,0,,
알렉산더스 시스터,단맛,단맛,25,#96b3cc,gin,"드라이 진, 크림 민트 그린, 플레시 크림",,시원한 페퍼민트 향과 단맛이 여성에게 적합하다.,0,,
앰버 드림,,중간 맛,43,#97571c,gin,"드라이 진, 스위트 베르무트, 샤르트뢰즈 그린, 오렌지 비터",,여러 개의 이름을 가진 아름다운 칵테일.,1,,
위즐리 가든,상쾌한맛,중간 맛,15,#68794c,gin,"비피터 진, 미도리 멜론 리큐르, 샤르트뢰즈 그린, 산토리 칵테일 레몬",,상쾌한 기분으로 만들어 주는 롱 드링크.,1,,
웨스턴 로즈,단맛,중간 맛,28,#c3bca2,gin,"드라이 진, 아프리콧 브랜디, 드라이 베르무트, 레몬 주스",,아프리콧 브랜드의 향과 단맛을 살린 칵테일.,1,,
에이 원,쓴맛 ,쓴맛,35,#b16d3a,gin,"드라이 진, 그랑 마니에, 레몬 주스, 그레나덴 시럽",,알코올을 강하게 느낄 수 있는 쓴맛의 칵테일.,1,도수 다시 적어야함..,
영광의 마티니,새로운맛,중간 맛,30,#dcb566,gin,"탕카레 스페셜 드라이 진, 그랑 마니에 골든 루주, 갈리아노, 플레시 레몬 주스, 모난 로즈 시럽",,21세기에 어울리는 새로운 마티니로의 도전.,1,,
어텀 리브스,쓴맛,중간 맛,27,#eacd82,gin,"드라이 진, 진저 와인, 라임",,진저의 쓴맛이 잘 어우러진 북극의 가을을 연상케 한다.,1,,
엔젤 페이스,단맛,중간 맛,31,#a37439,gin,"드라이 진, 아프리콧 브랜디, 칼바도스",,"단맛과 감칠맛이 마치 ""천사의 얼굴""과 같다.",0,,
오렌지 피즈,"신맛, 단맛",중간 맛,13,#c9a000,gin,"드라이 진, 오렌지 주스, 레몬 주스, 설탕, 소다수",,과일 맛과 향의 피즈 스타일.,1,,
오렌지 블로섬,상큼한맛,중간 맛,27,#b78200,gin,"드라이 진, 플레시 오렌지 주스",,"식전, 식후 언제라도 어울리는 상큼한 맛.",1,,
카지노,쓴맛 ,쓴맛,39,#cbccc7,gin,"드라이 진, 마라스키노, 레몬 주스, 오렌지 비터",,마라스키노 냄새가 나는 보기에도 아름다운 칵테일.,1,,
카페 드 도쿄,쓴맛,중간 맛,28,#907364,gin,"고든 진, 캄파리 비터, 갈리아노, 레몬 주스",,화려하고 씁쓸한 도쿄를 이미지한 칵테일.,1,,
카페 드 파리,부드러운맛,중간 맛,27,#9199c0,gin,"드라이 진, 아나세트, 플레시 크림, 계란 흰자",,데코레이션으로서의 거품이 맛을 부드럽게 한다.,0,,
카린,단맛,중간 맛,34,#c87827,gin,"드라이 진, 듀보네, 크림 드 만다린",,아련하게 단맛이 센 마시기 쉬운 여성 취향의 칵테일.,0,,
카루소,상쾌한맛,중간 맛,29,#20552d,gin,"드라이 진, 드라이 베르무트, 크림 드 민트 그린",,맑은 민트 그린의 멋있는 중간 맛의 칵테일.,0,,
키스 인 더 다크,단맛,중간 맛,33,#9a3f3a,gin,"드라이 진, 체리 브랜디, 드라이 베르무트",,"어둠 속의 키스란 이름대로, 달콤하고 자극적인 맛의 칵테일.",0,,
깁슨,쓴맛 ,쓴맛,36,#9f9b9e,gin,"드라이 진, 드라이 베르무트",,마타니에 펄어니언을 담근다.,0,,
김렛,,중간 맛,30,#c3a841,gin,"드라이 진, 라임 주소",,군의 김렛 씨가 장교의 건강을 고려하여 만든 칵테일.,1,,
그린 드래건,단맛,단맛,33,#306818,gin,"드라이 진, 크림 드 민트 그린, 큔멜, 레몬 주스",,진한 녹색이 아름답다. 단맛을 살린 칵테일.,1,,
교카,,중간 맛,22,#89181b,gin,"탕카레 드라이 진, 보졸레 빌라주, 벚꽃 리큐르, 플레시 그레이프 프루트 주스",,교토의 화려함과 교토의 꽃인 벚꽃을 이미지화.,0,,
그린 알래스카,쓴맛 ,쓴맛,43,#89181b,gin,"드라이 진, 샤르트뢰즈 그린",,술맛은 상쾌하지만 알코올 도수가 높은 상급자 대상의 칵테일.,0,,
크로스 보,단맛,중간 맛,30,#833421,gin,"드라이 진, 크림 드 카카오(마롱), 쿠앵트로",,쿠앵트로의 단맛이 남는 맛있는 칵테일.,0,,
클로버 클럽,"상쾌한맛, 감칠맛",중간 맛,17,#ab2b22,gin,"드라이 진, 레몬 주스, 그레나덴 시럽, 계란 흰자",,레몬의 상쾌한 맛과 계란 흰자의 감칠맛이 맛의 비밀.,1,,
골든 스크루,상큼한맛,중간 맛,10,#ad8300,gin,"드라이 진, 오렌지 주스, 앙고스트라 비터",,상큼한 맛은 오렌지 주스와 같다.,1,,
골든 돈,,중간 맛,27,#893a05,gin,"드라이 진, 칼바도스, 아프리콧 브랜디, 오렌지 주스",,금색의 새벽이라는 이름 그대로의 아름다운 색.,1,,
골든 슬리퍼,,중간 맛,13,#a98718,gin,"드라이 진, 아드보카트, 오렌지 주스, 설탕 가루, 계란 흰자",,오렌지 주스와 아드보카트의 조화가 아름다운 칵테일.,1,,
골든 피즈,상큼한맛,중간 맛,12,#daab00,gin,"드라이 진, 레몬 주스, 설탕 시럽, 계란 노른자, 소다수",,피로 회복에 효과가 있는 진한 롱 드링크.,1,,
콩카 도라,쓴맛 ,쓴맛,37,#79604b,gin,"드라이 진, 체리 브랜디, 트리플 섹, 마라스키노",,체리 브랜디의 향이 난다.,0,,
자자,"감칠맛, 푸근한맛",중간 맛,27,#a31e0e,gin,"드라이 진, 듀보네, 앙고스트라 비터",,감칠맛과 깊이가 있는 향에 푸근한 맛이 살아 있다.,0,,
사사미유키,"신맛, 부드러운맛",중간 맛,13,#7e462e,gin,"드라이 진, 그레이프 주스, 플레시 밀크",,"보라색의 빙산에, 우윳빛이 녹아 들어가 그윽한 세계를 연출.",0,,
사파이언 쿨,상쾌한맛,중간 맛,39,#0077c4,gin,"봄베이 사파이어 진, 쿠앵트로, 플레시 그레이프 프루트 주스, 블루 큐라소",,봄베이 진과 감귤계 리큐르의 상쾌한 향의 조화.,1,,
섬머 브리즈,신맛,중간 맛,32,#ce9200,gin,"탕카레 드라이 진, 그랑 마니에 골든 루주, 크림 드 프랑부아즈, 찰튼 포리스, 레몬 주스",,상큼한 감귤계의 풍미는 마치 여름의 산들바람과 같다.,1,,
제임스 본드 마티니,쓴맛 ,쓴맛,36,#d8d6c7,gin,"드라이 진, 보드카, 릴레 블랑",,워커를 플러스한 본드 취향의 마티니.,0,,
주얼 하우스,,중간 맛,32,#e4be00,gin,"비피터 진, 베네딕틴 돔, 드랑비, 산토리 라임",,런던 탑 주얼 하우스의 보석의 눈부심을 표현한 칵테일.,1,,
실버 주빌리,부드러운맛,중간 맛,26,#999286,gin,"드라이 진, 크림 드 바나나, 플레시 크림",,진의 쓴맛을 누그러뜨리는 바나나 맛의 크림과 부드러움.,0,,
실버 스트리크,단맛,중간 맛,38,#9b935b,gin,"드라이 진, 예가 마이스터",,미국에서 인기 있는 예가 마이스터를 사용한 칵테일.,0,,
실버 피즈,단맛,중간 맛,12,#b3b5aa,gin,"드라이 진, 레몬 주스, 시럽, 계란 흰자",,단맛을 살린 산뜻한 맛의 칵테일.,1,,
실버 불릿,,중간 맛,30,#a1a5af,gin,"드라이 진, 큔멜, 레몬 주스",,큔멜을 사용한 진귀한 칵테일.,1,,
진 앤드 이트,쓴맛 ,쓴맛,36,#925331,gin,"드라이 진, 스위트 베르무트",,마티니의 원형이라 불리는 심플한 레시피.,0,,
진 앤드 비터스,쓴맛 ,쓴맛,40,#bdbbb9,gin,"드라이 진, 앙고스트라 비터",,달콤함과 신선한 향을 배제한 여름의 더위를 물리치는 데 적당한 쓴맛의 칵테일.,0,,
진 칵테일,,쓴맛,40,#aaa7a3,gin,"드라이 진, 오렌지 비터, 앙고스트라 비터",,희미하게 오렌지 맛이 있는 진의 스트레이트에 가까운 칵테일.,1,,
진 코블러,시원한맛,중간 맛,23,#ede5d8,gin,"드라이 진, 큐라소, 설탕, 소다수",,진의 맛을 끌어낸 여름에 마시는 칵테일.,0,,
진 사워,신맛,중간 맛,24,#ede5d8,gin,"드라이 진, 레몬 주스, 설탕 시럽",,신맛이 나는 대중적인 칵테일.,1,,
진 슬링,시원한맛,중간 맛,24,#b4b0b6,gin,"드라이 진, 레몬 주스, 설탕 시럽",,"투명감이 시원한, 한여름에 어울리는 드링크.",1,,
진 데이지,,중간 맛,22,#cfad85,gin,"드라이 진, 레몬 주스, 그레나덴 시럽",,분홍색의 많은 여성이 즐겨 마시는 칵테일.,1,,
진 토닉,상쾌한맛,중간 맛,14,#857faa,gin,"드라이 진, 토닉 워터",,목으로 넘어갈 때 상쾌한 롱 드링크의 넘버 원.,0,,
진 벅,가벼운맛,중간 맛,9,#b0a399,gin,"드라이 진, 레몬 주스, 진저 에일",,소프트 드링크처럼 맛볼 수 있는 간단함.,1,,
진 피즈,,중간 맛,14,#8e8aad,gin,"드라이 진, 레몬 주스, 설탕, 소다수",,예부터 친숙해진 인기 드링크의 하나.,1,,
진 앤드 라임,,중간 맛,30,#b3ada1,gin,"드라이 진, 코디얼 라임 주스",,간단한 레시피로 손쉽게 만들 수 있는 가장 일반적인 드링크.,1,,
싱가포르 슬링,,중간 맛,17,#9c7855,gin,"드라이 진, 레몬 주스, 설탕, 체리 브랜디, 소다수",,싱가포르의 환상적인 남국의 칵테일.,1,,
스타더스트 리뷰,쓴맛 ,쓴맛,40,#3175b6,gin,"봄베이 사파이어 진, 블루 큐라소, 파르페 타무르, 코디얼 라임 주스",,짜릿한 진의 맛을 훌륭하게 연출한다.,1,,
스카이 크루즈,"섬세한맛, 시원한맛",중간 맛,35,#9593a9,gin,"텅카레 드라이 진, 아나나스 파인애플 리큐르, 코디얼 라임 주스, 블루 큐라소",,섬세하고 시원한 맛의 아름다운 칵테일.,1,,
스프링 오페라,,중간 맛,30,#b29700,gin,"비피더 진, 산토리 리큐르 자보네, 루제 크림 드 베세, 산토리 칵테일 레몬, 산페스터 오렌지 100",,계절감과 정서를 표현한 아름다운 색의 칵테일.,1,,
스프링 버드,산뜻한맛,중간 맛,31,#947a72,gin,"드라이 진, 벚꽃 리큐르(루메즈 샐러드)",,봄날의 나뭇잎 사이로 비치는 햇살 아래서 마시고 싶은 산뜻한 맛의 드링크.,0,,
세븐스 헤븐 No 1,"단맛, 떫은맛",중간 맛,35,#69382e,gin,"드라이 진, 듀보네, 마라스키노, 앙고스트라 비터",,"""7번째 천국""의 맛은 듀보네의 맛으로 정한다.",0,,
세븐스 헤븐 No 2,"신맛, 단맛",중간 맛,35,#c4b9a4,gin,"드라이 진, 그레이프 프루트 주스, 마라스키노",,과일 맛의 아메리카판 칵테일이라고 한다.,1,,
더비,상쾌한맛,중간 맛,24,#fcf4e8,gin,"드라이 진, 비치 브랜디, 민트의 어린 싹",,으깨어서 민트의 향이 한층 두드러진다.,0,,
다이너스티,,중간 맛,24,#bfa000,gin,"비피터 진, 스퀘어 마스컷, 드랑브이, 상페스타 그레이 프루트 100",,왕조라고 이름붙인 칵테일은 영국을 연상한다.,1,,
탕카레 임페리얼,쓴맛,중간 맛,27,#e0b500,gin,"탕카레 드라이 진, 그랑 마니에, 코디알 라임 주스, 모에 에 샨돈 블릿 임페리얼",,샴페인의 맛을 보다 드라이하게 함 칵테일.,1,,
탕카레 퀸,감칠맛,중간 맛,30,#dfb22a,gin,"탕카레 드라이 진, 그랑 마니에 골든 루주, 설탕 시럽",,감칠맛이 좋지만 알코올 도수는 높다.,0,,
탕카레 필드,"신맛, 단맛",중간 맛,24,#b7ae0e,gin,"턍캬레 드라이 진, 멜론 리큐르, 플레시 그레이프 프루트 주스",,한일 공동 주최인 월드컵이 기념 글라스 안에 필드가 보인다.,1,,
탕카레 포레스트,쓴맛,중간 맛,16,#c7a400,gin,"탕카레 드라이 진, 멜론 리큐르, 플레시 그레이프 프루트 주스, 플레스 레몬 주스, 앙고스트라 비터",,숲을 연상한 심오한 중간 맛의 칵테일.,1,,
탱고,"부드러운맛, 단맛",단맛,26,#a86802,gin,"드라이 진, 스위트 베르무트, 오렌지 큐라소, 오렌지 주스",,부드럽고 단맛으로 여성에게 인기가 좋은 칵테일.,1,,
D.O.M 칵테일,,중간 맛,33,#bd8b00,gin,"드라이 진, 베네딕틴 DOM, 오렌지 주스",,신성한 약주를 첨가한 과일 향의 맛.,1,,
테이크 파이브,,중간 맛,16,#7c2004,gin,"드라이 진, 코디알 라임 주스, 베리 리큐르, 그랑베리 주스, 샴페인",,진과 샴페인을 주로 한 식전주.,1,,
텍사스 피즈,상쾌한맛,중간 맛,14,#d8b12d,gin,"드라이 진, 오렌지 주스, 설탕 시럽, 소다수",,상쾌한 오렌지 맛의 진 피즈.,1,,
듀 바리,쓴맛 ,쓴맛,32,#7c5b30,gin,"드라이 진, 드라이 베르무트, 베르무트, 앙고스트라 비터",,페르노 향의 상쾌한 맛.,0,,
듀보네,풍부한맛,중간 맛,27,#6c5549,gin,"드라이 진, 듀보네",,진과 듀보네만의 간단한 재료이면서 맛은 풍부하다.,0,,
톰 콜린스,상큼한맛,중간 맛,16,#7f7a98,gin,"올드 톰 진, 레몬 주스, 설탕 시럽, 소다수",,상큼하고 마시기 편해서 누구라도 즐길 수 있는 드링크.,1,,
드라카르,가벼운맛,중간 맛,25,#9d765f,gin,"드라이 진(탕카레), 프랑부아즈 리큐르, 레몬 주스, 계란 흰자",,"이름은 ""용""이지만 마시기 편해서 여성에게 권장.",1,,
네그로니,"쓴맛, 단맛",중간 맛,25,#71110a,gin,"드라이 진, 캄파리, 스위트 베르무트",,캄파리의 쌉쌀함과 달콤함이 진의 날카로움을 중화시킨다.,0,,
독아웃,쓴맛,쓴맛,30,#67645b,gin,"드라이 진, 드라이 베르무트, 페르노, 페퍼민트 화이트",,쓰러지지 않도록 주의. 매력 있는 배합이 이성을 빼앗는다.,0,,
바텐더,쓴맛,쓴맛,22,#633414,gin,"드라이 진, 체리, 드라이 베르무트, 듀보네, 그랑 마니에",,개성이 강한 것끼리 믹스한 프리 디너 칵테일.,0,,
퍼펙트 마티니,쓴맛,중간 맛,35,#66450a,gin,"드라이 진, 드라이 베르무트, 스위트 베르무트",,베르무트의 맛을 확실하게 맛볼 수 있는 약간 쓴맛의 칵테일.,0,,
하이드 파크,,중간 맛,21,#6d6600,gin,"탕카레 드라이 진, 페르메스 그린티 리큐르, 플레시 그레이프 프루트 주스, 플레시 레몬 주스",,런던 중심부의 녹음이 울창한 공원 하이드 파크를 연상하게 한다.,1,,
파시모 레이디,성숙한맛,중간 맛,31,#b34420,gin,"드라이 진, 패션 프루트 리큐르(파시모), 화이트 큐라소, 플레시 라임 주스",,성숙된 여성의 분위기를 즐길 수 있는 레이디 칵테일.,1,,
버뮤다 로즈,단맛,중간 맛,35,#994e1b,gin,"드라이 진, 아프리콧 브랜디, 그레나덴 시럽",,아프리콧의 단맛 뒤에 짜릿한 잔의 맛.,0,,
파라다이스,"신맛, 단맛",중간 맛,25,#b68500,gin,"드라이 진, 아프리콧 브랜디, 오렌지 주스",,"""낙원""처럼 아름다운 색채로 새콤달콤한 깊은 맛의 칵테일.",1,,
파리지앵,,중간 맛,24,#5d3b2f,gin,"드라이 진, 드라이 베르무트, 크림 드 카시스",,멋쟁이 파리 남자를 연상한 칵테일.,0,,
하와이언,"신맛, 단맛",중간 맛,25,#cfa100,gin,"드라이 진, 오렌지 큐라소, 오렌지 주스, 파인애플 주스",,한여름의 과일을 충분히 사용한 칵테일.,1,,
피카딜리 나이트,,중간 맛,9,#a9110c,gin,"비피터 진, 루제 크림 드 스트로베리, 산페스타 그레이프 프루트 100, 디사론노 아마렛토",,코럴 스타일의 데코레이션이 아름답다.,0,,
피카딜리 파크,산뜻한맛,중간 맛,32,#6c7f02,gin,"탕카레 드라이 진, 베네딕틴 DOM, 플레시 레몬 주스, 블루 큐라소",,"탕카레의 특성을 살린, 술맛이 산뜻한 칵테일.",1,,
핑크 진,쓴맛 ,쓴맛,41,#d0bb9d,gin,"드라이 진, 앙고스트라 비터",,진의 레이버를 그대로 맛보는 칵테일.,0,,
핑크 레이디,부드러운맛,중간 맛,20,#b1530a,gin,"드라이 진, 그레나덴 시럽, 레몬 주스, 계란 흰자",,"아름다운 핑크와 흰 거품, 드라마의 주인공이 된 기분으로.",1,,
판타지수타,단맛,단맛,20,#b58100,gin,"비피타 진, 디사론노 아마렛토, 요구르트 리큐르, 크림 드 쿄호우, 산페스타 오렌지 100",,약간의 크림으로 달콤한 롱 드링크.,1,,
피닉스 진 슬링,"신맛, 단맛",중간 맛,29,#7d4008,gin,"드라이 진, 체리 브랜드, 레몬 주스, 설탕 시럽",,체리 향을 즐기는 롱 드링크.,1,,
포른 엔젤,쓴맛 ,쓴맛,31,#ba9f75,gin,"드라이 진, 레몬 주스, 크림 드 민트 화이트, 앙고스트라 비터",,이 칵테일의 매력에는 천사도 대적할 수 없을 정도.,1,,
블러드 하운드,감칠맛,중간 맛,9,#a12c1b,gin,"드라이 진, 드라이 베르무트, 스위트 베르무트, 딸기, 크래시드 아이스",,딸기 맛이 퍼져서 감칠맛이 좋다.,1,,
브리티시 마치,단맛,단맛,9,#8a1805,gin,"비피터 진, 디시론노 아마렛토, 산토리 그레나덴 시럽, 산토리 칵테일 레몬",,마시기 쉬운 단맛의 상쾌한 칵테일.,1,,
프린스턴,"부드러운맛, 감칠맛",중간 맛,31,#c51a0d,gin,"드라이 진, 포트 와인, 앙고소트라 비터",,부드러운 감칠맛의 아페리티브(식전주).,0,,
프린세스 메리,단맛,단맛,21,#979299,gin,"드라이 진, 크림 드 카카오, 생크림",,카카오와 크림의 단맛으로 식후에 마시는 대표적인 칵테일.,0,,
블루 문,단맛,중간 맛,23,#505093,gin,"드라이 진, 크림 드 바이올렛, 레몬 주스",,연한 보라색의 아름다운 색과 낭만적인 이름.,1,,
불독 하이볼,상쾌한맛,중간 맛,12,#ae7d00,gin,"드라이 진, 오렌지 주스, 진저 에일",,신선한 오렌지가 터지는 듯한 상쾌함.,1,,
프레셔스 하트,단맛,단맛,29,#a66300,gin,"비피터 드라이 진, 파소, 크림 드 페세, 그레이프 프루트 주스",,항상 사랑을 하고 싶은 마음을 지닌 여성의 칵테일.,1,,
프렌치75,감칠맛,중간 맛,18,#a19caa,gin,"드라이 진, 레몬 주스, 설탕, 샴페인(스파클링 와인)",,샴페인의 자잘한 거품이 감칠맛 나게 한다.,1,,
플로리다,상큼한맛,중간 맛,8,#be8700,gin,"드라이 진, 오렌지 주스, 키르슈바서, 화이트 큐라소, 레몬 주스",,플로리다 오렌지를 생각하게 하는 신선한 완성품.,1,,
브롱크스,단맛,단맛,25,#c08500,gin,"드라이 진, 드라이 베르무트, 스위트 베르무트, 오렌지 주스",,단맛을 억제한 상쾌한 칵테일로 예부터 계속 마셔온 식전주.,1,,
버몬트,부드러운맛,중간 맛,8,#877471,gin,"드라이 진, 생크림, 그레나덴 시럽",,플레시 크림이 매끄러워 혀에 닿는 감촉이 좋은 드링크.,0,,
호놀룰루,"신맛, 단맛",중간 맛,35,#b38700,gin,"드라이 진, 오렌지 주스, 파인애플 주스, 레몬 주스, 앙고스트라 비터, 설탕 시럽",,남국의 향취가 풍부한 맛으로 과일 가득한 이미지.,1,,
호프만 하우스 피즈,상큼한맛,중간 맛,12,#b3bed4,gin,"드라이 진, 레몬 주스, 설탕 시럽, 생크림, 오렌지 주스, 마라스키노",,아이보리 화이트의 상큼한 맛.,1,,
화이트 레이디,청량한맛,중간 맛,29,#abb7ca,gin,"드라이 진, 화이트 큐라소, 레몬 주스",,청순한 이미지와 청량감으로 여성 팬이 많다.,1,,
화이트 로즈,"단맛, 부드러운맛",단맛,20,#a98b31,gin,"드라이 진, 마라스키노, 오렌지 주스, 레몬 주스, 계란 흰자",,감귤계의 상큼한 향을 가진 계란 흰자 거품이 부드럽게 감싼다.,1,,
마운트 후지,"신맛, 부드러운맛",중간 맛,19,#969ab7,gin,"드라이 진, 마라스키노, 레몬 주스, 파인애플 주스, 플레스 크림, 설탕 시럽, 계란 흰자",,일본 호텔 초기의 오리지널 칵테일.,1,,
마그놀리아 블로섬,,중간 맛,20,#9b9096,gin,"드라이 진, 레몬 주스, 플레시 크림, 그레나덴 시럽",,마그놀리아 꽃이 피는 아름다운 칵테일.,1,,
마티니,쓴맛 ,쓴맛,35,#7272ae,gin,"드라이 진, 드라이 베르무트",,"변하지 않는 인기 NO.1, 킹 오브 칵테일.",0,,
미스티,,중간 맛,30,#9c705c,gin,"드라이 진, 아이리시 미스트, 드라이 베르무트",,재즈의 명곡 미스티에서 딴 이름.,0,,
미스터리 서클,,중간 맛,24,#c69f22,gin,"탕카레 드라이 진, 그랑 마니에 골든 루주, 플레시 레몬 주스, 플레시 파인애플 주스, 꿀",,칵테일 글라스 속의 미스터리.,1,,
밀리언 달러,,중간 맛,18,#a65600,gin,"드라이 진, 스위트 베르무트, 파인애플 주스, 그레나덴 시럽, 계란 흰자",,백만 달러의 칵테일을 마셔서 부자가 된 기분을 누릴 것이다.,1,,
밀키 웨이,단맛,단맛,8,#a74d07,gin,"드라이 진, 디사론노 아마렛토, 스트로베리 리큐르, 스트로베리 시럽, 플레시 파인 주스",,세계를 납득시킨 맛과 데코레이션.,1,,
밀비,부드러운맛,중간 맛,27,#887875,gin,"드라이 진, 크림 드 바나누, 상 라파엘, 플레시 크림",,아페리티프 와인을 첨가한 마시기 쉬운 칵테일.,0,,
문 리버,단맛,단맛,24,#9e7800,gin,"드라이 진, 아프리콧 브랜디, 코인트로, 갈리아노, 레몬 주스",,아프리콧의 심오한 단맛의 향과 오렌지 향이 가득한 맛.,1,,
메리 위도,,중간 맛,24,#46210e,gin,"드라이 진, 듀보네, 오렌지 비터",,진홍의 투명감이 마음에 활기를 주는 칵테일.,1,,
멜론 스페셜,단맛,중간 맛,24,#bcb300,gin,"비피터 드라이 진, 멜론 리큐르, 라임 주스, 오렌지 비터",,달콤하게 녹는 멜론 칵테일.,1,,
요코하마,,중간 맛,18,#a65820,gin,"드라이 진, 보드카, 오렌지 주스, 그레나덴 시럽, 페르노",,붉은색은 요코하마 항의 붉은 구두를 연상.,1,,
라무스 진 피즈,,중간 맛,12,#d4d9df,gin,"드라이 진, 레몬 주스, 설탕 시럽, 페르노, 계란 흰자, 소다수",,숙취 해소나 혈액 순환 촉진 등 약용 효과가 높은 칵테일.,1,,
리틀 위치,상큼한맛,중간 맛,23,#ba9d00,gin,"탕카레 드라이 진, 모난 재스민 시럽, 플레시 파인애플 주스, 그랑 마니에 골든 루주",,재스민과 민트의 향으로 상큼함을.,0,,
러시안,단맛,중간 맛,33,#7c2b17,gin,"드라이 진, 보드카, 화이트 카카오",,달콤한 단맛으로 유혹하는 레이디 킬러의 칵테일.,0,,
레드 스파클,,중간 맛,10,#b25d02,gin,"비피터 진, 캄파리, 루제 크림 드 카시스, 서던 컴포트, 산토리 칵테일 레몬, 산토리 토닉 워터",,눈부시고 열정적인 추억을 글라스 가득 표현.,1,,
레드 라이온,,중간 맛,22,#a58000,gin,"드라이 진, 그랑 마니에, 오렌지 주스, 레몬 주스",,이름은 레드인데 선명한 노란색의 라이온 색이다.,1,,
레이디 80,단맛,단맛,26,#b54400,gin,"드라이 진, 아프리콧 브랜디, 파인애플 주스, 그레나덴 시럽",,우아한 여성을 위한 단맛의 칵테일.,1,,
로열 스마일,쓴맛 ,쓴맛,34,#9b5706,gin,"드라이 진, 칼바도스, 그레나덴 시럽, 레몬 주스",,이 쓴 칵테일을 마시면 왕실의 미소를 지을 수 있을까?,1,,
로열 피즈,상큼한맛,중간 맛,12,#a58200,gin,"드라이 진, 레몬 주스, 설탕 시럽, 계란, 소다수",,미세하게 거품이 생겨서 삼킬 때 상큼한 드링크.,1,,
로열 로망스,상큼한맛,중간 맛,30,#955501,gin,"드라이 진, 그랑 마니에, 패션 프루트 주스, 그레나덴 시럽",,트로피컬 프루트의 정열적인 맛.,1,,
로드스터,,중간 맛,27,#b18900,gin,"드라이 진, 그랑 마니에, 오렌지 주스",,많이 마실 수 있을 것 같은 오렌지 주스풍 칵테일.,1,,
롱 아일랜드 아이스티,,중간 맛,15,#90662d,gin,"드라이 진, 보드카, 화이트 럼, 테킬라, 화이트 큐라소, 레몬 주스, 콜라",,"홍차를 사용하지 않고, 아이스 티의 색과 맛을 낸다.",1,,
런던 아이,상쾌한맛,중간 맛,23,#b46200,gin,"비피터 진, 루제 크림 드 블루베리, 루제 크림 드 베세, 산페스터 그레이프 프루트 100, 산토리 그레나덴 시럽",,입안에 퍼지는 상쾌한 맛.,1,,
런던의 마녀,,중간 맛,23,#d0a500,gin,"비피터 드라이 진, 루제 크림 드 프랑부아즈, 스톤스 진저 와인, 산토리 칵테일 레몬, 산토리 그레나덴 시럽",,런던의 밤하늘을 나는 마녀를 연상.,1,,
아쿠덕트,감칠맛,중간 맛,26,#c09300,vodka,"보드카, 큐라소, 아프리콧 브랜디, 라임 주스",,살구 향이 나는 감칠맛이 나는 칵테일.,1,,
아프레 스키,시원한맛,중간 맛,26,#71901b,vodka,"보드카, 크림 드 민트 그린, 페르노, 소다수",,페르노의 얌전한 맛. 민트의 시원한 칵테일.,0,,
안젤로,상쾌한맛,중간 맛,12,#b79116,vodka,"보드카, 갈리아노, 서던 컴포트, 오렌지 주스, 파인애플 주스",,과일 주스와 같은 감칠맛이 나는 상쾌한 맛.,1,,
앰파이넨,단맛,중간 맛,28,#b8903d,vodka,"보드카, 크림 드 바나누, 진저 에일",,입안에 바나나의 맛과 향이 산뜻하고 달콤한 칵테일.,0,,
이스트 윙,,중간 맛,22,#a74c34,vodka,"보드카, 체리 브랜디, 캄파리",,체리 브랜드의 맛을 끌어낸 칵테일.,0,,
보드카 아이스버그,쓴맛 ,쓴맛,35,#c5c3ba,vodka,"보드카, 페르노",,보드카의 스트레이트에 가까운 빙산과 비슷한 얼얼한 맛.,0,,
보드카 애플 주스,단맛,단맛,12,#b9a869,vodka,"보드카, 애플 주스",,간단한 재료지만 맛은 본격파.,0,,
보드카 칵테일,,중간 맛,31,#b66e4a,vodka,"보드카, 체리 브랜디, 레몬 주스",,보드카 베이스 중에서도 도수가 센 칵테일.,1,,
보드카 깁슨,쓴맛 ,쓴맛,36,#a49aa7,vodka,"보드카, 드라이 베르무트",,마티니와 같은 스탠더드 칵테일.,0,,
보드카 김렛,,중간 맛,30,#b5bcab,vodka,"보드카, 플레시 라임 주스, 설탕 시럽",,진 베이스와는 다른 하드보일드 터치.,1,,
보드카 토닉,상쾌한맛,중간 맛,18,#b2acbe,vodka,"보드카, 토닉 워터",,목으로 넘길 때 상쾌한 사계절용.,0,,
보드카 리키,신맛,중간 맛,12,#a29a7a,vodka,"보드카, 라임, 소다수",,라임의 상쾌함이 보드카의 맛을 자아낸다.,1,,
보드카티니,쓴맛 ,쓴맛,31,#998158,vodka,"보드카, 드라이 베르무트",,마티니의 보드카 판. 드라이한 맛이 독특하다.,0,,
S.W.I,,중간 맛,26,#9a3f29,vodka,"보드카, 캄파리, 오렌지 주스, 계란 흰자",,캄파리의 비터 맛이 전체에 살아 있는 칵테일.,1,,
엠 45,"산뜻한맛, 감칠맛",중간 맛,28,#8e6e5a,vodka,"보드카, 슬로진, 라임 주스",,산뜻한 감칠맛이 식욕을 자극하는 칵테일.,1,,
올드 잉글랜드,쓴맛 ,쓴맛,20,#afa69d,vodka,"보드카, 셰리",,옛 시대를 연상시키는 간단한 레시피의 식전주.,0,,
옴니아,,중간 맛,28,#9a762f,vodka,"보드카, 브랜디, 드라이 베르무트, 만다린 리큐르, 오렌지 리큐르",,브랜디의 향이 전체에 퍼지는 칵테일.,1,,
카이피로스카,상큼한맛,중간 맛,30,#a29a70,vodka,"보드카, 라임, 설탕",,라임 색이 신선한 칵테일.,1,,
카운트 스토로가노프,쓴맛 ,쓴맛,30,#a8977b,vodka,"보드카, 크림 드 카카오 화이트, 플레시 레몬 주스",,초콜릿 맛으로 매우 산뜻한 드링크.,1,,
카미카제,쓴맛 ,쓴맛,25,#c4b383,vodka,"보드카, 화이트 큐라소, 라임 주스",,예리한 감칠맛에서 생겨난 미국의 칵테일.,1,,
그루프 스트림,,중간 맛,20,#7792b2,vodka,"보드카, 피치 리큐르, 블루 큐라소, 그레이 프루트 주스, 파인애플 주스",,과일 향이 가득한 아름다운 블루 칵테일.,1,,
키스 오브 파이어,단맛,중간 맛,26,#6e3625,vodka,"보드카, 슬로 진, 드라이 베르무트, 레몬 주스",,입술에 달콤함이 남는 타는 듯한 키스의 맛.,1,,
키시 로즈,,중간 맛,26,#ba816a,vodka,"보드카, 장미 리큐르, 드라이 세리, 그레나덴 시럽, 플레시 라임 주스",,장미향에 휩싸여 있는 듯한 여성에게 인기가 있는 칵테일.,1,,
키스 미,감칠맛,중간 맛,22,#a58881,vodka,"보드카, 프랑젤리코, 드링크 요구르트, 그레나덴 시럽",,부드러운 감칠맛의 키스를 유혹하는 칵테일.,1,,
그랑프리,,중간 맛,28,#b4600b,vodka,"보드카, 드라이 베르무트, 쿠앵트로, 레몬 주스, 그레나덴 시럽",,칵테일다운 성숙한 분위기를 지닌다.,1,,
그린 판타지,"쓴맛, 단맛",중간 맛,25,#77750c,vodka,"보드카, 드라이 베르무트, 멜론 리큐르, 라임 주스",,쌉쌀한 증류수가 리큐르로 중화된다.,1,,
그린 필즈,단맛,단맛,18,#8a977c,vodka,"보드카, 그린티 리큐르, 우유",,"우유를 첨가한 부드러운 맛, 녹색의 배합이 아름다운 칵테일.",0,,
크레치마,,중간 맛,25,#852b06,vodka,"보드카, 카카오 리큐르, 레몬 주스, 그레나덴 시럽",,카카오의 맛이 살아 있는 멋있는 칵테일.,1,,
케이프 코더,깊은맛,중간 맛,20,#572e19,vodka,"보드카, 크란베리 주스",,간단한 레시피이면서 맛이 깊은 칵테일.,1,,
골든 스크루,부드러운맛,중간 맛,12,#b18400,vodka,"보드카, 오렌지 주스",,소프트 드링크와 비슷한 마시기 부드러운 칵테일.,1,,
골든 텅,단맛,중간 맛,21,#cac8b4,vodka,"보드카, 스트레가, 바나나 리큐르, 오렌지 시럽",,"리큐르의 쌉쌀함, 바나나의 단맛의 감칠맛이 좋다.",1,,
코사크,쓴맛 ,쓴맛,28,#d7b953,vodka,"보드카, 브랜디, 라임 주스, 설탕 시럽",,코사크 병사의 강인함을 칵테일에 표현한 드링크.,1,,
코스모폴리탄,,중간 맛,22,#a04b40,vodka,"보드카, 화이트 큐라소, 크란베리 주스, 라임 주스",,뉴욕에서 유행하는 칵테일.,1,,
갓마더,부드러운맛,중간 맛,34,#775d1e,vodka,"보드카, 아말렛",,"특징이 없는 보드카 베이스, 아마렛의 부드러운 향.",0,,
콜로니,쓴맛 ,쓴맛,22,#b48e13,vodka,"보드카, 서던 컴포트, 플레시 라임 주스",,전혀 단맛이 없는 산뜻한 칵테일.,1,,
시 브리즈,개성적인맛,중간 맛,12,#b2978f,vodka,"보드카, 크란베리 주스, 그레이프 프루트 주스",,개성적인 맛으로 밤의 분위기에 어울린다.,1,,
짚시,,중간 맛,33,#d4b551,vodka,"보드카, 베네딕틴, 앙고스트라 비터스",,유랑민 짚시를 연상한 독특한 맛이 매력.,0,,
실버 윙,쓴맛 ,쓴맛,31,#9c9da8,vodka,"보드카, 쿠앵트로, 드라이 베르무트",,"색도 맛도 깨끗한, 도수가 높은 칵테일.",0,,
스크루 드라이버,상큼한맛,중간 맛,12,#bf9f00,vodka,"보드카, 오렌지 주스",,오렌지 주스와 보드카의 하모니.,1,,
스트로베리 필즈,단맛,단맛,16,#a89287,vodka,"보드카, 스트로베리 크림 리큐르, 플레시 크림, 밀크",,딸기의 달콤한 향기. 여성에게 어울리는 칵테일.,1,,
스노 플레이크,단맛,단맛,22,#ad7e00,vodka,"보드카, 갈리아노, 서던 컴포트, 애드보카트, 오렌지 주스, 레모네이드",,과일 향이 강하고 농후한 맛이 나는 식후주.,1,,
스매시,신맛,중간맛,15,#8a2d08,vodka,"보드카, 블랙 베리 브랜디, 만다린 리큐르, 레몬 주스",,블랙 베리(나무딸기)의 향이 상쾌하다.,1,,
슬러지 해머,쓴맛 ,쓴맛,30,#b4b4b3,vodka,"보드카, 라임 주스 코디알",,그 이름대로 아주 쓴맛의 칵테일.,0,,
섹스 온 더 비치,,중간 맛,10,#c09700,vodka,"보드카, 멜론 리큐르, 크림 드 프랑부아즈, 파인애플 주스",,영화에 등장한 것이 시작. 일본에서도 인기.,1,,
소비에트,,쓴맛,30,#8f8472,vodka,"보드카, 드라이 베르무트, 셰리",,셰리의 향과 맛이 살아있는 칵테일.,0,,
솔티 도그,,중간 맛,13,#b9ae6f,vodka,"보드카, 그레이프 프루트 주스",,스탠더드 중에서도 예전부터 인기가 있는 칵테일.,1,,
턱시도,쓴맛 ,쓴맛,28,#a6a4a0,vodka,"보드카, 드라이 베르무트, 오렌지 비터, 마라스키노 ",,밤의 사교장에 어울리는 공식적인 칵테일.,1,,
타와리시,산뜻한맛,중간 맛,28,#bec1bd,vodka,"보드카, 큔멜, 라임 주스",,청량감이 있는 산뜻한 맛.,1,,
치치,단맛,단맛,7,#d3d2bd,vodka,"보드카, 파인애플 주스, 코코넛 밀크, 플레시 레몬 주스",,트로피컬 무드 만점. 과일로 즐거움을 연출.,1,,
츠아리느,우아한맛,중간 맛,27,#a57d32,vodka,"보드카, 드라이 베르무트, 아프리콧 브랜디, 앙고스트라 비터",,우아함과 향기가 좋은 맛으로 황후의 칵테일.,0,,
데로바드,깊은맛,중간 맛,28,#954b14,vodka,"보드카, 보와르 윌리암, 트리플 섹, 프레이즈 드 보르도, 플레시 라임 주스",,5종류의 과일이 융합하여 깊이가 있는 맛의 칵테일.,1,,
트로이카,산뜻한맛,중간 맛,18,#ab9979,vodka,"보드카, 화이트 큐라소, 레몬 주스",,산뜻한 맛의 성인을 위한 식전주.,1,,
니노치카,쓴맛 ,쓴맛,24,#b2a78f,vodka,"보드카, 크림 드 카카오 화이트, 레몬 주스",,레몬의 신맛의 뚜렷하게 입안에 남는 쓴 칵테일.,1,,
바바라,단맛,단맛,23,#b8a68e,vodka,"보드카, 크림 드 카카오, 플레시 크림",,초콜릿 맛의 달고 마시기 부드러운 칵테일.,0,,
바브드 와이어,쓴맛 ,쓴맛,32,#8f6008,vodka,"보드카, 스위트 베르무트, 페르노",,무취의 보드카에 향을 낸 강한 칵테일.,0,,
하베이 월벙거,,중간 맛,13,#dab500,vodka,"보드카, 오렌지 주스, 갈리아노",,하베이 전설에서 갑자기 유명해진 칵테일.,1,,
하이 라이프,단맛,단맛,30,#cbb169,vodka,"보드카, 화이트 큐라소, 파인애플 주스, 계란 흰자",,상류 계급의 화려함을 샴페인 글라스에 표현.,1,,
바카라,,중간 맛,33,#708ac7,vodka,"보드카, 테킬라, 화이트 큐라소, 브루 큐라소, 레몬 주스",,두 개의 증류수가 바카라의 글라스에 융합한다.,1,,
패트리샤,단맛,중간 맛,26,#9f5f3b,vodka,"보드카, 트리플 섹, 스위트 베르무트",,"중간 맛이면서 미세한 단맛이 나는, 천천히 음미하고 싶은 칵테일.",0,,
파나세,,중간 맛,17,#98573f,vodka,"보드카, 체리 브랜디, 드라이 베르무트",,"예전부터 있던, 아름다운 색채와 술맛이 좋은 칵테일.",0,,
바히네,상큼한맛,중간 맛,20,#af6d39,vodka,"보드카, 체리 브랜디, 파인애플 주스, 레몬 주스, 코코넛 밀크",,트로피컬 드링크로는 친숙한 칵테일.,1,,
발라라이카,산뜻한맛,중간 맛,26,#9e9cbb,vodka,"보드카, 화이트 큐라소, 레몬 주스",,산뜻한 맛의 하얀 칵테일.,1,,
벌루션,상큼한맛,중간 맛,20,#d07550,vodka,"보드카, 스트로베리 리큐르, 그레이프 프루트 주스, 그레나덴 시럽, 레몬 주스",,과일 맛이 나는 트로피컬 칵테일.,1,,
판타지아,단맛,중간 맛,26,#bc371b,vodka,"보드카, 샤르트뢰즈 오렌지, 체리 브랜디, 그레이프 프루트 주스",,혀에 남는 체리의 단맛이 좋은 칵테일.,1,,
페스트루스,쓴맛 ,쓴맛,28,#6d4b3d,vodka,"보드카, 그랑 마니에, 비터 친자노",,비터의 맛에 도취된 수수한 여성이 좋아하는 칵테일.,0,,
피닉스,단맛,단맛,18,#a0341d,vodka,"보드카, 알리제 패션 리큐르, 그레이프 프루트 주스, 그레나덴 시럽",,불사조가 날갯짓하는 모양을 본뜬 아름다운 색채의 칵테일.,1,,
플라잉 그래스 호퍼,쓴맛 ,쓴맛,26,#475f3b,vodka,"보드카, 크림 드 민트 그린, 크림 드 민트 화이트",,"민트 향이 강하게 나는, 입안을 상쾌하게 하는 칵테일.",0,,
블랙 러시안,쓴맛 ,쓴맛,32,#986d40,vodka,"보드카, 칼루아",,"칼루아의 단맛과 향, 도수는 높다.",0,,
블랙 클라우드,,중간 맛,32,#53382f,vodka,"보드카, 티아 마리아",,커피 맛에서 생겨난 칵테일.,0,,
블러디 시저,,중간 맛,13,#b53527,vodka,"보드카, 크라마토 주스",,블러디 메리와 같다. 몸에 좋은 칵테일.,0,,
블러디 메리,,중간 맛,12,#932a2e,vodka,"보드카, 토마토 주스",,숙취에 좋다고 하며 술꾼에게는 단골.,1,,
블러디 불,부드러운맛,중간 맛,11,#bd4d42,vodka,"보드카, 토마토 주스, 비프 브이용, 레몬 주스",,"건강한 기분으로 만드는, 위에 부드러운 칵테일.",1,,
플라밍고,,중간 맛,18,#d4a93f,vodka,"보드카, 캄파리, 샴페인",,아름다운 플라밍고의 모습을 연상한 칵테일.,0,,
플라밍고 레이디,부드러운맛,중간 맛,22,#b35810,vodka,"보드카, 피치 리큐르, 파인애플 주스, 레몬 주스, 그레나덴 시럽",,여성 취향에 더욱 아름답고 마시기 부드럽게 한 칵테일.,1,,
브루스터 스페셜,,중간 맛,35,#7d5421,vodka,"보드카, 사이다",,간단한 레시피이므로 장식에 신경을 쓴다.,0,,
블루 먼데이,,중간 맛,34,#5e74a9,vodka,"보드카, 쿠앵트로, 블루 큐라소",,우울한 월요일을 건강하게 맞이하는 칵테일.,0,,
블루 라군,청량한맛,중간 맛,20,#5b7192,vodka,"보드카, 블루 큐라소, 레몬 주스",,파란 남국의 바다. 청량감이 있는 여름의 드링크.,1,,
불 쇼트,,중간 맛,24,#c2903a,vodka,"보드카, 비프 브이용",,식욕 증진이 되는 수프 대신의 식전주.,0,,
불독,,중간 맛,16,#c9b47c,vodka,"보드카, 그레이프 프루트 주스",,소금기를 뺀 솔티 독. 이름은 바뀌지만 레시피는 같다.,1,,
불렛,쓴맛 ,쓴맛,26,#b3a890,vodka,"보드카, 쿠앵트로, 레몬 주스",,상큼하게 목으로 넘어가며 뒷맛에 쿠앵트로 향이 남는다.,1,,
헤어 라이저,쓴맛 ,쓴맛,28,#c38a09,vodka,"보드카, 라이 위스키, 레몬 주스",,"라이 위스크와 배합, 신맛을 살린 칵테일.",1,,
베르니스,단맛,중간 맛,24,#ac8100,vodka,"보드카, 갈리아노, 플레시 라임 주스, 앙고스타라 비터",,달콤한 향으로 채운 감칠맛이 있는 칵테일.,1,,
볼가,상큼한맛,중간 맛,24,#cd9800,vodka,"보드카, 라임 주스, 오렌지 비터, 그레나덴 시럽",,볼가 강의 이미지를 감귤계의 향에 실어.,1,,
볼가 보트만,단맛,단맛,18,#903e14,vodka,"보드카, 체리 브랜디, 오렌지 주스",,새콤달콤함이 균형을 이루는 맛있는 칵테일.,1,,
폴로네이즈,,중간 맛,24,#a82420,vodka,"보드카, 체리 브랜디, 레몬 주스, 설탕 시럽",,화려한 궁정 무곡을 생각나게 하는 아름다운 색채의 칵테일.,1,,
화이트 스파이더,상쾌한맛,중간 맛,30,#d2d0c6,vodka,"보드카, 크림 드 민트 화이트",,페퍼민트의 상쾌함을 마실 수 있는 칵테일.,0,,
화이트 러시안,,단맛,25,#915b36,vodka,"보드카, 커피 리큐르, 플레시 크림",,아이스 커피와 같은 맛을 내는 칵테일.,0,,
봄버,쓴맛 ,쓴맛 ,36,#be8e00,vodka,"보드카, 브랜디, 쿠앵트로, 아니세트",,두 개의 증류수를 사용하는 이름 그대로의 강한 칵테일.,0,,
마카룬,,단맛,30,#963128,vodka,"보드카, 초콜릿 리큐르, 아마렛토",,아마렛토와 초콜릿 향이 나는 식후의 디저트.,0,,
머기 블루,"단맛, 감칠맛",중간 맛,11,#9e3b31,vodka,"보드카, 프랑부아즈 리큐르, 라임 주스, 설탕 시럽, 블루 큐라소",,달콤함 속에 짜릿한 감칠맛의 칵테일.,1,,
머드 슬라이드,단맛,단맛,10,#9d5a00,vodka,"보드카, 카루아 커피 리큐르",,혀 끝에 닿는 느낌이 커피맛인 칵테일.,0,,
마릴린 먼로,쓴맛,중간 맛,26,#972621,vodka,"보드카, 캄파리, 스위트 베르무트",,캄파리의 쓴맛이 나는 성숙한 맛이 나는 칵테일.,0,,
멜론 볼,단맛,중간 맛,8,#6d3701,vodka,"보드카, 멜론 리큐르, 오렌지 주스",,"달콤한 멜론 향이 감도는, 맛있게 마실 수 있는 식후주.",1,,
마루루,단맛,중간 맛,16,#b38a25,vodka,"보드카, 멜론 리큐르, 파인애플 주스, 레몬 주스, 코코넛 밀크",,코코넛 밀크와 멜론의 즐거운 트로피컬 칵테일.,1,,
모스코 뮬,,중간 맛,12,#dacfbb,vodka,"보드카, 라임, 진저 에일",,미국산의 러시안 칵테일.,1,,
라일라,쓴맛 ,쓴맛,35,#b8b6b5,vodka,"보드카, 쿠앵트로, 플레시 라임 주스",,아라비아어로 세레나데란 뜻으로 밤의 상쾌한 바람과 같은 술.,1,,
러시안,,중간 맛,33,#a46719,vodka,"보드카, 드라이 진, 크림 드 카카오",,초콜릿맛 속에 도수가 높은 증류수가 숨어 있다.,0,,
루나 파크,,중간 맛,23,#977774,vodka,"보드카, 바이올렛 리큐르, 드링크 요구르트, 아세로라 주스",,맑은 밤하늘을 연상한 낭만적인 칵테일.,1,,
뤼팽,상쾌한맛,중간 맛,20,#bc8a00,vodka,"보드카, 알리제, 오렌지 주스, 스파클링 와인",,상쾌하게 목을 통과하는 멋쟁이 칵테일.,1,,
레이크 퀸,단맛,중간 맛,24,#5e633b,vodka,"보드카, 그린티 리큐르, 파인애플 주스, 플레시 크림",,생크림과 일본 차의 미묘한 하모니가 아름답다.,0,,
레드 애플,"단맛,신맛",중간 맛,22,#9a4e19,vodka,"보드카, 사과 주스, 레몬 주스, 그레나덴 시럽",,사과의 단맛과 레몬의 신맛이 조화를 이루는 술.,1,,
레드 립스,감칠맛,중간 맛,28,#752915,vodka,"보드카, 그랑 마니에, 캄파리, 계란 흰자, 앙고스트라 비터",,계란 흰자의 부드러움이 감칠맛을 좋게 한다.,0,,
로열 브라이드,,중간 맛,22,#b38e40,vodka,"보드카, 피치 리큐르, 피치 넥타, 플레시 크림",,웨딩 드레스를 연상한 기쁨의 칵테일.,0,,
로열 러시안,단맛,단맛,26,#746f60,vodka,"보드카, 크림 드 민트 그린, 그레나덴 시럽, 플레시 크림",,에메랄든 색을 지닌 아름다운 색채의 디저트 술.,0,,
로즈 오브 바르샤바,,중간 맛,26,#6e2e07,vodka,"보드카, 체리 브랜디, 쿠앵트로, 앙고스트라 비터",,아름다운 바르샤바의 추억을 칵테일에 표현했다.,0,,
로드 런너,단맛,단맛,23,#a89883,vodka,"보드카, 디사론노 아마렛토, 코코넛 밀크",,아마렛토 향이 나는 부드러운 감칠맛의 칵테일.,0,,
로베르타,부드러운맛,중간 맛,24,#93430b,vodka,"보드카, 드라이 브레무트, 체리 브랜디, 캄파리, 크림 드 바나누",,"부드러운 향과 맛, 기분 좋은 감촉의 칵테일.",0,,
바르샤바,신맛,중간 맛,28,#822818,vodka,"보드카, 블랙베리 브랜디, 드라이 베르무트, 레몬 주스",,레몬의 신맛으로 상큼하게 식욕을 증진시키는 칵테일.,1,,
아이 오프너,농후한맛,중간 맛,22,#b2824d,rum,"화이트 럼, 페르노, 크림 드 노와요, 오렌지 큐라소, 설탕, 계란 노른자",,"계란 노른자가 들어간 농후한 맛, 영양가도 높다.",1,,
아카풀코,감칠맛,중간 맛,27,#838fd5,rum,"럼, 코안트로, 레몬 주스, 설탕",,짜릿한 맛 속에 향과 감칠맛이 살아 있다.,1,,
아스트로노트,상쾌한맛,중간 맛,26,#e4bb00,rum,"럼, 보드카, 레몬 주스, 패션 프루트 주스",,레몬 주스의 향이 상쾌한 중간 맛.,1,,
아디오스 아미고스,쓴맛 ,쓴맛,36,#b4832c,rum,"화이트 럼, 드라이 베르무트, 브랜디, 드라이 진, 라임 주스",,세 개의 증류수를 셰이크한 강한 칵테일.,1,,
아메리칸 플라이어,투명한맛,중간 맛,9,#b1ada6,rum,"화이트 럼, 라임 주스, 설탕 시럽, 샴페인 적당량",,소다수 감각으로 마실 수 있는 투명감이 있는 맛.,1,,
알디라,단맛,중간 단맛,34,#005b92,rum,"화이트 럼, 프랑젤리코, 블루 큐라소, 레몬 주스",,맑게 갠 푸른 하늘을 연상한 아름다운 칵테일.,1,,
앙티르,쓴맛 ,쓴맛,30,#b7443f,rum,"화이트 럼, 듀보네",,듀보네의 불가사의한 아름다움을 자아낸 칵테일.,0,,
이슬라 데 피노스,"상큼한맛, 쓴맛",중간 맛,12,#c88957,rum,"화이트 럼, 그레이프 프루트 주스, 설탕 시럽, 그레나덴 시럽",,그레이프 프루트가 쓴맛의 럼을 완전히 바꾼다.,1,,
인디언 섬머,단맛,중간 단맛,14,#b1a3ab,rum,"화이트 럼, 드라이 진, 코코넛 주스, 코코넛 밀크, 생크림",,생크림을 사용한 농후한 맛의 칵테일.,0,,
워털루,상큼한맛,중간 맛,14,#c3881b,rum,"화이트 럼, 오렌지 주스, 만다린 리큐르",,감귤계의 과일 맛이 농후한 칵테일.,1,,
에스토릴81,상쾌한맛,중간 맛,18,#a38859,rum,"화이트 럼, 아마렛토, 레몬 주스, 아몬드 시럽",,상쾌하고 산뜻한 맛의 칵테일.,1,,
엑스 와이 지,신맛,중간 맛,27,#bbc0cf,rum,"라이트 럼, 코안트로, 레몬 주스",,산뜻한 레몬 맛이 식욕을 돋군다.,1,,
엘 자디네로,부드러운맛,중간 맛,38,#7b8ba2,rum,"화이트 럼, 산브카, 라임 주스",,산프카의 향으로 마시기 부드럽지만 도수는 높다.,1,,
엘 조르잘,단맛,중간 맛,15,#d4a100,rum,"화이트 럼, 아니세트, 오렌지 주스, 그레나덴 시럽",,적당한 단맛을 지닌 상쾌한 향.,1,,
엘 프레지던트,쓴맛 ,쓴맛,34,#7f513d,rum,"화이트 럼, 드라이 베르무트, 그레나덴 시럽, 큐라소",,위엄이 있는 톱에 어울리는 쓴맛의 칵테일.,0,,
오로라,복잡한맛,중간 맛,24,#cc7c2d,rum,"화이트 럼, 만다린 임페리얼, 프랑부아즈",,"시시각각으로 변하는 오로라, 맛도 복잡하게 퍼진다.",0,,
카이피리냐,쓴맛 ,쓴맛,28,#ada880,rum,"핑가, 설탕 시럽, 플레시 라임",,농촌의 아가씨라는 뜻. 상쾌한 맛이 인기.,1,,
카사블랑카,단맛,단맛,11,#a37870,rum,"화이트 럼, 파인애플 주스, 코코넛 밀크, 그레나덴 시럽, 앙고스트라 비터",,핑크 색상이 아름다운 럼 칵테일의 대표.,1,,
카바리에리,단맛,단맛,8,#a33d18,rum,"화이트 럼, 그랑 마니에, 드라이 베르무트, 스트로베리 주스",,딸기맛이 나서 달고 마시기 부드러운 칵테일.,1,,
카리비안 크루즈,단맛,중간 단맛,20,#869019,rum,"화이트 럼, 그린 바나나 리큐르, 파인애플 주스, 코코넛 리큐르, 레몬 주스",,카리브 해의 녹색 섬을 연상한 칵테일.,1,,
쿠바 리브레,단맛,단맛,12,#794f1d,rum,"화이트 럼, 플레시 라임, 콜라",,"콜라만큼의 단맛과 청량감, 손쉽게 즐길 수 있는 칵테일.",1,,
쿠반,,중간 맛,20,#7a322b,rum,"라이트 럼, 아프리콧 브랜디, 라임 주스, 그레나덴 시럽",,각각이 지닌 향이 훌륭하게 조화를 이룬 칵테일.,1,,
킹스톤,,중간 맛,23,#c37522,rum,"자메이카 럼, 화이트 큐라소, 레몬 주스, 그레나덴 시럽",,개성이 강한 자메이카 럼이 베이스 중간 맛의 칵테일.,1,,
쿼터 데크,감칠맛,중간 맛,25,#bbbcb6,rum,"화이트 럼, 드라이 셰리, 라임 주스",,럼과 셰리가 상쾌한 감칠맛을 느끼게 한다.,1,,
그린 아이즈,단맛,단맛,11,#acaa9d,rum,"골드 럼, 미도리, 파인애플 주스, 코코넛 밀크, 라임 주스",,여성에게 어울리는 달콤한 프로즌 스타일.,1,,
그로그,단맛,단맛,9,#a07d06,rum,"골드 럼, 레몬 주스, 각설탕, 그로브, 시나문 스틱, 뜨거운 물",,레몬과 설탕의 달콤새콤한 맛이 나는 드링크.,1,,
골든 게이트,쓴맛 ,쓴맛,36,#c8c1b9,rum,"화이트 럼, 드라이 셰리",,드라이함 속에 남아 있는 향기가 좋은 뒷맛.,0,,
골든 플라잉,단맛,중간 단맛,30,#be9700,rum,"골드 럼, 갈리아노, 파인애플 주스",,약간 단맛의 산뜻한 남국의 맛.,1,,
서드 레일,,중간 맛,20,#c29100,rum,"라이트 럼, 드라이 베르무트, 스위트 베르무트, 오렌지 주스",,달콤함을 조정하면 여성에게도 잘 어울리는 맛이 된다.,1,,
산티아고,쓴맛 ,쓴맛,34,#b3644d,rum,"라이트 럼, 라임 주스, 그레나덴 시럽",,라이트 럼의 맛에 라임 향이 돋보인다.,1,,
샥스 투스 No 1,성숙한맛,중간 단맛,16,#885c1f,rum,"골드 럼, 그레나덴 시럽, 설탕 시럽, 소다수, 라임",,산뜻한 상쾌함을 맛볼 수 있는 성숙한 맛.,0,,
자메이카 조,단맛,단맛,25,#8e692f,rum,"화이트 럼, 티아 마리아, 애드보카트, 그레나덴 시럽",,자메이카 녀석이라는 이름의 커피 맛의 식후주.,0,,
상하이,쓴맛,쓴맛,20,#883015,rum,"자메이카 럼, 아니세트, 레몬 주스, 그레나덴 시럽",,동양의 이국적인 분위기를 향으로 표현.,1,,
실비아,감칠맛,중간 맛,12,#b8a07f,rum,"화이트 럼, 그랑 마니에, 파인애플 주스, 오렌지 주스, 그레나덴 시럽, 계란 노른자",,각종 프루트 프레이버와 계란 노른자의 감칠맛이 맛을 자아낸다.,1,,
스위트 메모리즈,쓴맛 ,중간 쓴맛,31,#9b722b,rum,"화이트 럼, 오렌지 큐라소, 드라이 베르무트",,달콤한 추억이 깃든 다정한 맛의 칵테일.,1,,
스칼릿 레이디,단맛,중간 단맛,25,#943925,rum,"화이트 럼, 캄파리 비터, 만다린 리큐르, 레몬 주스, 마라스키노",,스칼릿 오하라를 정열적인 붉은색으로 표현.,1,,
스카이 다이빙,청량한맛,중간 맛,20,#4c7096,rum,"화이트 럼, 블루 큐라소, 라임 주스",,진한 푸른색이 인상적인 청량감 만점의 칵테일.,1,,
스콜피온,상큼한맛,중간 맛,21,#b09129,rum,"화이트 럼, 브랜디, 오렌지 주스, 레몬 주스, 라임 주스",,11월의 별자리에서 이름을 딴 트로피컬 칵테일.,1,,
스탄레이,쓴맛,쓴맛,34,#d17e47,rum,"라이트 럼, 드라이 진, 그레나덴 시럽, 레몬 주스",,아름다운 색에 현혹되지만 높은 도수에 요주의.,1,,
스트로베리 팜,단맛,단맛,15,#9c491f,rum,"화이트 럼, 크림 드 피치, 냉동 딸기, 그레나덴 시럽, 레몬 주스",,딸기의 맛을 최대한으로 살린 프로즌 칵테일.,1,,
스페니시 타운,쓴맛 ,쓴맛,40,#a1917b,rum,"화이트 럼, 오렌지 큐라소",,보기에는 멋있지만 맛은 매우 시다.,1,,
셉템버 몬,감칠맛,중간 맛,18,#952a15,rum,"라이트 럼, 레몬 주스, 그레나덴 시럽, 계란 흰자",,부드러운 맛과 감칠맛이 입안 가득 퍼진다.,1,,
소노라,,쓴맛,35,#a87c00,rum,"라이트 럼, 애플 브랜디, 아프리콧 브랜디, 레몬 주스",,4종류의 재료에서 탄생한 맛의 조화가 훌륭하다.,1,,
좀비,단맛,단맛,14,#ba6c00,rum,"화이트 럼, 골드 럼, 레몬 주스, 오렌지 주스, 라임 주스, 크림 드 노와요, 그랑 마니에, 그레나덴 시럽",,럼 베이스의 칵테일에서는 유명한 칵테일.,1,,
다이키리,,중간 맛,24,#7f8cbc,rum,"화이트 럼, 라임 주스, 설탕 시럽",,럼 베이스 중에서는 가장 대표적인 칵테일.,1,,
차이니스 이치,단맛,단맛,14,#ac7c06,rum,"골드 럼, 패션 프루트 넥타, 플레시 라임 주스, 아몬드 시럽",,새콤달콤한 패션 프루트의 향.,1,,
톰&제리,,중간 맛,9,#b99037,rum,"다크 럼, 브랜디, 설탕, 계란, 뜨거운 물",,크리스마스용으로 유명한 핫 칵테일.,0,,
드래곤 레이디,단맛,단맛,16,#ad5618,rum,"화이트 럼, 오렌지 주스, 그레나덴 시럽, 큐라소",,보기에도 아름답고 맛도 달콤하고 부드럽다.,1,,
트로피컬 이치,단맛,단맛,18,#be8f00,rum,"화이트 럼, 골드 럼, 보드카, 그랑 마니에, 라임 주스, 망고 주스",,남국 분위기 넘치는 신맛이 나는 달콤한 칵테일.,1,,
트로피컬 미모사,,중간 맛,7,#c49800,rum,"화이트 럼, 오렌지 주스, 그레나덴 시럽, 샴페인",,남국 기분이 넘치는 샴페인 칵테일.,1,,
트로픽 오브 카프리콘,단맛,단맛,18,#806c2a,rum,"화이트 럼, 크림 드 카카오, 오렌지 주스, 계란 흰자",,여름에 마시고 싶은 트로피컬 칵테일.,1,,
트와이라이트 존,,중간 맛,18,#a25d02,rum,"화이트 럼, 그레이프 프루트 주스, 아프리콧 브랜디, 카시스 리큐르",,꿈과 같은 세계에 몸을 둔 것 같은 칵테일.,1,,
니커보커 스페셜,쓴맛 ,중간 쓴맛,36,#c88d00,rum,"라이트 럼, 오렌지 큐라소, 레몬 주스, 라즈베리 시럽",,과일 맛이 살아 있는 중간 쓴맛의 칵테일.,1,,
네이키드 레이디,,중간 맛,24,#b65718,rum,"라이트 럼, 스위트 베르무트, 아프리콧 브랜디, 레몬 주스, 그레나덴 시럽",,꾸밈이 없는 알몸의 숙녀를 연상하여.,1,,
네바다,"단맛, 신맛",중간 맛,20,#bfaf93,rum,"라이트 럼, 라임 주스, 그레이프 프루트 주스, 설탕, 앙고스트라 비터",,과일 맛 속에 신맛과 단맛이 섞여 있다.,1,,
파인애플 피즈,상큼한맛,중간 맛,12,#c59c19,rum,"골드 럼, 파인애플 주스, 설탕 시럽, 소다수",,파인애플 주스 가득한 칵테일.,1,,
바카르디아노,"상쾌한맛, 단맛",중간 맛,22,#8e6035,rum,"화이트 럼, 갈리아노, 그레나덴 시럽, 레몬 주스",,상쾌함과 달콤함을 지닌 칵테일.,1,,
바카르디,,중간 맛,25,#b16f4f,rum,"바카르디 화이트 럼, 레몬 주스, 그레나덴 시럽",,바카르디 사의 럼을 사용하는 칵테일.,1,,
허니 서클,단맛,중간 단맛,21,#bb8f3c,rum,"골드 럼, 라임 주스, 꿀 시럽",,럼의 강력함을 라임과 꿀이 부드럽게 감싼다.,1,,
하바나 비치,단맛,단맛,17,#dfdcd4,rum,"화이트 럼, 파인애플 주스, 설탕 시럽",,달고 부드러운 맛의 여성 취향의 칵테일.,1,,
바하마,부드러운맛,중간 맛,24,#e0d2ae,rum,"화이트 럼, 서던 컴포트, 레몬 주스, 크림 드 바나누",,바나나 맛이 부드럽게 알코올과 혼연 일체가 된다.,0,,
바히아,단맛,단맛,16,#a59783,rum,"골드 럼, 파인애플 주스, 코코넛 밀크",,프로즌 스타일의 롱 칵테일.,0,,
바라쿠다,,중간 맛,16,#dbb734,rum,"골드 럼, 갈리아노, 파인애플 주스, 라임 주스, 설탕 시럽",,식욕을 돋구어주는 약초의 향이 살아 있는 식전주.,1,,
비너스,단맛,단맛,24,#ac5d00,rum,"화이트 럼, 라임 주스, 오렌지 주스, 아프리콧 브랜디, 그레나덴 시럽",,비너스의 이미지를 묘사한 달콤한 칵테일.,1,,
피냐 콜라다,단맛,단맛,8,#b9b2aa,rum,"화이트 럼, 파인애플 주스, 코코넛 밀크",,달콤하고 시원한 과일의 트로피컬 맛을 즐긴다.,1,,
프티트 플루어르,쓴맛 ,중간 쓴맛,32,#b18d2f,rum,"바카르디 럼, 코안트로, 그레이프 프루트 주스",,청초한 분위기와 향을 즐길 수 있는 중간 쓴맛의 칵테일.,1,,
플래티넘 블론드,단맛,단맛,22,#b1afbc,rum,"라이트 럼, 화이트 큐라소, 생크림",,은색 머리의 여성을 연상케 하는 기품이 넘치는 색.,0,,
블랙 로즈,,중간 맛,6,#7e542e,rum,"골드 럼, 아이스 커피",,향이 진한 커피맛의 검은 칵테일.,0,,
플랜터스 칵테일,,중간 맛,17,#bd9334,rum,"라이트 럼, 오렌지 주스, 레몬 주스",,오렌지 주스를 많이 사용한 과일 맛.,1,,
플랜터스 펀치,신맛,중간 맛,32,#ae6c36,rum,"자메이카 럼, 레몬 주스, 설탕 시럽, 코안트로, 포트와인",,신맛이 더위와 피로를 해소해 준다.,1,,
블루 하와이,,중간 맛,14,#067ba2,rum,"화이트 럼, 블루 큐라소, 파인애플 주스, 레몬 주스",,선명한 푸른색으로 하와이를 연상.,1,,
블루 하와이안,단맛,단맛,14,#afb4b3,rum,"화이트 럼, 블루 큐라소, 파인애플 주스, 코코넛 밀크",,크리미한 상쾌함은 남국의 정서가 넘친다.,0,,
프로즌 다이키리,,중간 맛,8,#9d958b,rum,"화이트 럼, 라임 주스, 화이트 큐라소, 설탕 시럽",,헤밍웨이는 시럽을 빼고 애음했다.,1,,
프로즌 파인애플 다이키리,단맛,단맛,7,#998043,rum,"화이트 럼, 파인애플, 라임 주스, 트리플 섹, 설탕 시럽",,파인애플 맛의 다이키리 바리에이션.,1,,
프로즌 바나나 다이키리,단맛,단맛,9,#987832,rum,"화이트 럼, 바나나 리큐르, 플레시 레몬 주스, 설탕 시럽, 플레시 바나나",,스탠더드를 바나나 맛으로 바꾸었다.,0,,
프로즌 민트 다이키리,상쾌한맛,중간 맛,20,#698b29,rum,"화이트 럼, 크림 드 민트, 크레슈 라임 주스",,상쾌한 민트 향이 가득한 칵테일.,0,,
폴라 쇼트 컷,,중간 맛,26,#8b3d2f,rum,"다크 럼, 코안트로, 체리 블랜디, 드라이 베르무트",,"""북극권을 최단거리로 날다""라는 뜻이 칵테일.",0,,
보스턴 쿨러,,중간 맛,11,#c7c7bc,rum,"라이트 럼, 레몬 주스, 설탕 시럽, 진저 에일",,럼 주를 사용한 쿨러 스타일의 드링크.,1,,
핫 에그노그,,중간 맛,9,#b4a172,rum,"화이트 럼, 브랜디, 핫 밀크, 계란 노른자, 설탕 시럽, 계란 흰자",,핫 칵테일의 대표적인 칵테일.,0,,
하 버터드 럼,,중간 맛,10,#8a6215,rum,"다크 럼, 각설탕, 버터, 뜨거운 물",,차가운 몸으로 후후 불면서 마시는 겨울의 대표 칵테일.,0,,
마이 마미,단맛,단맛,38,#b29114,rum,"화이트 럼, 코안트로, 멜론 리큐르",,딸에 대한 아버지의 사랑은 끝없는 것.,0,,
마이애미,청량한맛,중간 맛,31,#aba792,rum,"라이트 럼, 코안트로, 레몬 주스",,휴양지에서 마시던 청량감이 몸 안에 퍼질 듯하다.,1,,
마이타이,,중간 맛,25,#be8a00,rum,"화이트 럼, 화이트 큐라소, 파인애플 주스, 레몬 주스, 다크 럼",,화려한 색깔의 트로피컬 칵테일의 여왕.,1,,
마우이 피즈,단맛,단맛,10,#9d844b,rum,"화이트 럼, 계란, 파인애플 주스, 설탕 시럽",,계란이 들어간 농후한 영양 가득한 칵테일.,1,,
마야,단맛,중간 단맛,22,#a98d4d,rum,"화이트 럼, 골드 럼, 코안트로, 파인애플 주스, 설탕 시럽",,미스터리한 마야 문명을 칵테일에.,1,,
밀리오네어,,중간 맛,19,#8b391e,rum,"라이트 럼, 슬로진, 아프리콧 브랜디, 라임 주스, 그레나덴 시럽",,대부호라는 이름의 운이 좋은 이름.,1,,
뭄바,단맛,단맛,30,#be6f01,rum,"화이트 럼, 그랑 마니에, 오렌지 주스, 그레나덴 시럽",,오렌지 맛이 나는 약간 달콤한 칵테일.,1,,
무카로,단맛,단맛,8,#a6926c,rum,"골드 럼, 티아 마리아, 생크림",,디저트 감각으로 마시는 커피 맛의 칵테일.,0,,
메리 피크포드,단맛,단맛,18,#c36807,rum,"라이트 럼, 파인애플 주스, 그레나덴 시럽, 마라스키노",,영화 여배우 이름에 어울리는 화려함을 지닌다.,1,,
모히토,상쾌한맛,중간 맛,24,#b1a47b,rum,"라이트 럼, 라임 주스, 라임",,민트와 라임 향이 가득한 칵테일.,1,,
럼 오렌지,단맛,단맛,20,#ba6e00,rum,"화이트 럼, 플레시 오렌지 주스",,신선한 오렌지를 칵테일로 마신다.,1,,
럼 쿨러,시원한맛,중간 맛,12,#b89864,rum,"라이트 럼, 라임 주스, 그레나덴 시럽",,더운 여름에 갈증을 해소시켜 주는 드링크.,1,,
럼 콜린스,단맛,중간 맛,11,#858893,rum,"라이트 럼, 레몬 주스, 설탕 시럽, 소다수",,산뜻한 단맛의 콜린스는 어떤 베이스와도 궁합이 맞다.,1,,
럼 사워,단맛,중간 단맛,22,#8a8883,rum,"골드 럼, 라임 주스, 설탕 시럽",,새콤달콤한 감칠맛이 좋은 사워 스타일.,1,,
럼 쥴럽,쓴맛 ,중간 쓴맛,20,#aa6e00,rum,"화이트 럼, 다크 럼, 설탕, 미네랄 워터, 민트 잎",,민트 잎을 으깨면서 마시는 롱 드링크.,0,,
럼 듀보네,감칠맛,중간 맛,24,#5a3733,rum,"라이트 럼, 듀보네, 라임 주스",,식전주 와인에 확실한 감칠맛을 끌어낸다.,1,,
럼 피즈,산뜻한맛,중간 맛,14,#8a8883,rum,"화이트 럼, 플레시 레몬 주스, 설탕 가루, 소다수",,산뜻한 맛으로 마시기 부드러운 칵테일.,1,,
럼 플로트,,중간 맛,18,#937d52,rum,"골드 럼, 라임 주스, 파우더 슈거, 소다수",,럼 본래의 맛을 보는 데 적합한 칵테일.,0,,
리콜리아노,우아한맛,중간 맛,16,#89794e,rum,"화이트 럼, 갈리아노, 라임 주스, 설탕 시럽",,우아한 분위기를 지닌 롱 칵테일.,1,,
리틀 프린세스,쓴맛 ,중간 쓴맛,25,#908785,rum,"라이트 럼, 스위트 베르무트",,이름에 어울리지 않게 드라이한 맛을 지닌 칵테일.,0,,
로열 코코 펀치,단맛,단맛,25,#8d6c36,rum,"골드 럼, 코안트로, 크림 드 카카오, 아이스 커피, 코코넛 밀크",,초콜릿 맛으로 디저트 칵테일로 권장.,0,,
와라탐,단맛,중간 단맛,28,#62503b,rum,"화이트 럼, 드라이 베르무트, 그레나덴 시럽",,술꾼 대상의 중간 단맛의 칵테일.,0,,
애틀랜틱 코냑,단맛,중간 맛,11,#d7a000,brandy,"브랜디, 크림 드 카페, 오렌지 주스",,주스처럼 마시기 편하고 리큐르의 미세한 달콤함이 있다.,1,,
애프터눈,부드러운맛,중간 맛,32,#787648,brandy,"브랜디, 마라스키노, 페르멘 블랑카, 소다수",,마라스키노의 향이 풍부하고 마시기 부드러운 롱 드링크.,0,,
아메리칸 뷰티,,중간 맛,13,#944e27,brandy,"브랜디, 드라이 베르무트, 오렌지 주스, 그레나덴 시럽, 페퍼민트 화이트, 포트 와인",,진홍색 장미처럼 아름다운 칵테일.,1,,
아라고,"상쾌한맛, 단맛",중간 맛,27,#bfbbc1,brandy,"브랜디, 크림 드 바나누, 생크림",,보는 것보다도 상쾌한 맛과 달콤한 맛이 기분 좋다.,0,,
알렉산더,단맛,단맛,23,#d4c5ae,brandy,"브랜디, 크림 드 카카오, 생크림",,영국 왕비에게 바치는 고급 칵테일.,0,,
암브로시아,신맛,중간 맛,27,#855f3d,brandy,"브랜디, 애플 브랜디, 라즈베리 시럽, 스파클링 와인",,"상큼한 신맛과 와인 맛, 라즈베리 색을 띤 드링크.",1,,
예스 앤드 노,"쓴맛, 부드러운맛",쓴맛,37,#896029,brandy,"브랜디, 큐라소, 계란 흰자",,도수가 센 브랜디로 계란 흰자의 부드러움을 느낄 수 있다.,0,,
이스트 인디아 No 1,쓴맛 ,쓴맛,32,#af5f17,brandy,"브랜디, 파인애플 주스, 오렌지 큐라소, 앙고스트라 비터",,신선한 맛의 칵테일.,1,,
이스트 인디아,"쓴맛, 신선한맛",쓴맛,30,#cc8235,brandy,"브랜디, 파인애플 주스, 오렌지 큐라소, 앙고스트라 비터",,"브랜디를 조금 줄이고, 신선한 맛을 돋보인다.",1,,
인터내셔널,"쓴맛, 신선한맛",쓴맛,30,#aa7a04,brandy,"브랜디, 샤르트뢰즈 그린, 드라이 진, 파인애플 주스",,복잡한 가운데 짜릿한 쓴맛을 지닌 성인 칵테일,1,,
위프 노모어,"산뜻한맛, 단맛",중간 맛,27,#77391f,brandy,"브랜디, 듀보네, 마라스키노, 플레시 라임 주스",,산뜻한 맛 뒤에 부드러운 단맛이 퍼진다.,1,,
위치 웨이,,중간 맛,30,#ba8100,brandy,"브랜디, 아니세트, 페르노",,개성적인 맛과 향을 즐긴다면 한 번 권해 보자.,0,,
윌리 스미스,"산뜻한맛, 감칠맛",중간 맛,32,#c58500,brandy,"브랜디, 마라스키노, 레몬 주스",,산뜻하면서 감칠맛이 있는 칵테일.,1,,
에스키모,단맛,단맛,27,#a9a093,brandy,"브랜디, 바닐라 아이스크림, 마라스키노, 큐라소",,바닐라 향에 디저트 감각으로 마시는 칵테일.,0,,
애피큐리안,,중간 맛,32,#9e6219,brandy,"브랜디, 드라이 베르무트, 큔멜, 앙고스트라 비터",,쓴맛을 누그러뜨린 리큐르. 식전의 마음을 달래 주는 칵테일.,0,,
오드 매킨타이어,단맛,단맛,27,#b67b00,brandy,"브랜디, 코안트로, 릴레 블랑, 레몬 주스",,신선한 단맛을 지는 플레시한 칵테일.,1,,
엘리스,,중간 맛,24,#c29100,brandy,"브랜디, 앙고스트라 비터, 스트레가, 진저 에일",,"진저 에일의 튀는 거품, 레몬 껍질로 여유로운 마음을.",0,,
올림픽,,중간 맛,24,#e1b200,brandy,"브랜디, 오렌지 큐라소, 오렌지 주스",,파리 올림픽 기념으로 만든 누구에게나 사랑받는 칵테일.,1,,
카카투즈,,중간 맛,23,#ad4300,brandy,"브랜디, 바나나 리큐르, 만다린 임페리얼, 오렌지 주스, 레몬 주스, 그레나덴 시럽",,여러 가지 과일 맛의 남극을 연상케 하는 즐거운 칵테일.,1,,
가제트,미묘한맛,중간 맛,28,#863f0c,brandy,"브랜디, 스위트 베르무트, 레몬 주스, 시럽",,쓰지도 달콤하지도 않은 미묘한 맛이 매력인 칵테일.,1,,
칼리메로,상큼한맛,중간 맛,23,#bf8b03,brandy,"브랜디, 그랑 마니에, 티아 마리아, 오렌지 주스, 레몬 주스, 계란 흰자",,오렌지 향이 가득한 뒷맛이 상큼한 칵테일.,1,,
카르나발,,중간 맛,26,#af7c08,brandy,"브랜디, 아프리콧 브랜디, 드라이 베르무트, 키르슈, 오렌지 주스",,카니발의 화려함을 레시피로 표현한 즐거운 칵테일.,1,,
키스 프롬 헤븐,,중간 맛,30,#be8c00,brandy,"브랜디, 드랑브이, 드라이 베르무트",,쓴 가운데 향기가 피어오르는 남성을 위한 칵테일.,0,,
캐롤,,중간 맛,28,#987445,brandy,"브랜디, 스위트 베르무트",,두 가지 모두 개성이 강한 증류수.,0,,
퀸 엘리자베스,단맛,단맛,25,#a3560a,brandy,"브랜디, 스위트 베르무트, 오렌지 큐라소",,엘리자베스 여왕의 이름을 딴 고급스런 단맛의 칵테일.,1,,
퀵클리,단맛,중간 맛,28,#c08900,brandy,"브랜디, 아니세트, 큐라소, 앙고스트라 비터",,향기와 미세한 단맛을 천천히 음미하고 싶은 칵테일.,0,,
퀘이커스,쓴맛,쓴맛,26,#cb4620,brandy,"브랜디, 화이트 럼, 레몬 주스, 라즈베리 시럽",,브랜디와 럼의 배합. 보기보다 쓴 맛의 칵테일.,1,,
클래식,,중간 맛,28,#b58300,brandy,"브랜디, 레몬 주스, 오렌지 큐라소, 마라스키노",,이름대로 고전 시대를 연상케 하는 칵테일의 하나.,1,,
그린 룸,"쓴맛, 깊은맛",쓴맛,24,#a57300,brandy,"브랜디, 드라이 베르무트, 큐라소",,브랜디와 베르무트와 절묘한 배합으로 맛이 깊다.,0,,
크리스,부드러운맛,중간 맛,13,#c6a517,brandy,"브랜디, 드라이 베르무트, 아마렛토, 레몬 주스, 설탕 시럽, 토닉 워터",,아마렛토의 맛이 부드럽게 입안에 퍼지는 롱 드링크.,1,,
케르비,단맛,단맛,30,#8d641e,brandy,"브랜디, 큔멜",,참으로 간단한 레시피만으로 스터의 기술을 발휘할 수 있다.,0,,
코프스 리바이버 No 1,쓴맛 ,쓴맛,30,#7a5628,brandy,"브랜디, 칼바도스, 스위트 베르무트",,"칼바도스의 향이 희미하게, 상쾌하게 입안에 퍼지는 칵테일.",0,,
코프스 리바이버 No 4,감칠맛,중간 맛,19,#c37b00,brandy,"브랜디, 레몬 주스, 오렌지 주스, 그레나덴 시럽, 샴페인",,"감칠맛이 좋고, 샴페인의 거품이 아름답다.",1,,
골든 메달리온,감칠맛,중간 맛,20,#c07800,brandy,"브랜디, 갈리아노, 오렌지 주스, 계란 흰자",,달콤한 향으로 가득 찬 갈리아노. 계란 흰자의 하얀 거품이 인다.,1,,
골든 글림,,중간 맛,32,#b77c00,brandy,"브랜디, 그랑 마니에, 레몬 주스, 오렌지 주스",,"그랑 마니에의 감칠맛과 깊이, 향이 풍부한 중간 맛의 칵테일.",1,,
콜드 데크,,중간 맛,21,#944926,brandy,"브랜디, 화이트 크림 드 민트, 스위트 베르무트",,의표를 찌르는 배합으로 식후주로서 딱 맞는 칵테일.,0,,
코냑 오렌지,,중간 맛,30,#b77c00,brandy,"코냑, 플레시 오렌지 주스",,브랜디와 오렌지의 대표적인 베스트 칵테일.,1,,
코냑 칵테일,,중간 맛,18,#c99100,brandy,"코냑, 레몬 주스, 코안트로, 앙고스트라 비터",,코냑의 기품 있는 고귀함을 칵테일로 살린 식전주.,1,,
서 월터,"쓴맛, 상쾌한맛",쓴맛,32,#a45900,brandy,"브랜디, 럼, 그레나덴 시럽, 큐라소, 레몬 주스",,마실 때는 상쾌하지만 보기보다 강한 칵테일.,1,,
사이드카,,중간 맛,26,#b08200,brandy,"브랜디, 화이트 큐라소, 레몬 주스",,프랑스산의 변화가 많은 칵테일.,1,,
서버 펀,,중간 맛,17,#caa81e,brandy,"브랜디, 크림 드 바나누, 파인애플 주스, 오렌지 주스",,"과일 맛이 나는, 이름대로 여름의 즐거움.",1,,
사라토가,쓴맛 ,쓴맛,37,#a65500,brandy,"브랜디, 마라스키노, 앙고스트라 비터, 파인애플 주스",,브랜디의 스트레이트에 약간의 과일 향을 첨가한다.,1,,
선더 클랩,쓴맛 ,쓴맛 ,37,#bb9646,brandy,"브랜디, 위스키, 드라이 진",,뜻하지 않은 배합이 강한 맛을 낸다.,0,,
시카고,,중간 맛,25,#97824f,brandy,"브랜디, 큐라소, 앙고스트라 비터, 샴페인",,샴페인을 사용한 매우 화려한 칵테일.,0,,
시티 슬리커,쓴맛 ,쓴맛,28,#a5670d,brandy,"브랜디, 큐라소, 페르노",,단순한 레시피이면서 페르노가 맛을 이끌어낸다.,0,,
저지 라이트닝,"단맛, 쓴맛",중간 맛,27,#823600,brandy,"브랜디, 사과 브랜디, 스위트 베르무트, 앙고스트라 비터",,사과의 달콤한 향이 쓴맛의 칵테일을 부드럽게 해 준다.,0,,
샹제리제,부드러운맛,중간 맛,26,#bc7800,brandy,"브랜디, 샤르트뢰즈 옐로, 레몬 주스, 앙고스트라 비터",,멋쟁이 파리의 거리를 연상하게 하는 풍부하고 부드러운 맛.,1,,
샴페인 쿨러,청량한맛,중간 맛,28,#928668,brandy,"브랜디, 트리플 섹, 스파클링 와인",,여름에는 청량감이 있는 드링크.,1,,
스위트 에덴,단맛,단맛,20,#bd8c00,brandy,"브랜디, 티아 마리아, 블루 큐라소, 오렌지 주스",,"식후의 커피와 브랜디, 이 두 가지를 배합한 칵테일.",0,,
줌,단맛,단맛,17,#b8ac97,brandy,"브랜디, 꿀, 생크림",,농후한 맛으로 피로 회복에 도움을 주는 칵테일.,0,,
스쿠프,시원한맛,쓴맛,32,#cb6800,brandy,"브랜디, 애플 브랜디, 라이트 럼, 그레나덴 시럽, 아프리콧 브랜디",,"여름의 나무 그늘에서 마시고 싶은, 짜릿하게 시원한 칵테일.",0,,
스팅어,"상쾌한맛, 단맛",중간 맛,32,#a36800,brandy,"브랜디, 페퍼민트 화이트",,달콤함 뒤에 예리함을 숨기는 식후주의 대표적인 칵테일.,0,,
슬램 No 2,"신맛, 단맛",중간 맛,26,#c48a00,brandy,"브랜디, 코안트로, 아프리콧 브랜디, 라임 주스",,"아프리콧의 달콤함 향, 농후한 맛의 칵테일.",1,,
스페셜 라프,"신맛, 단맛",중간 맛,23,#c19907,brandy,"브랜디, 사과 주스, 페르노",,"주스를 많이 사용한 식전, 식후 아무때나 어울린다.",1,,
스리 밀러,쓴맛,쓴맛,34,#9b4915,brandy,"브랜디, 화이트 럼, 그레나덴 시럽",,연한 분홍색의 쓴맛을 좋아하는 성인 취향의 칵테일.,0,,
슬러지 해머,쓴맛,쓴맛,34,#9c6d3c,brandy,"브랜디, 사과 브랜디, 라이트 럼, 페르노",,"알코올 도수는 높지만, 칵테일다운 맛.",1,,
슬로피 조,"신맛, 단맛",단맛,23,#a54d41,brandy,"브랜디, 포트와인, 파인애플 주스, 그레나덴 시럽, 큐라소",,디저트에 어울리는 달콤함을 지닌 칵테일.,1,,
스완 송,신맛,중간 맛,24,#c87135,brandy,"브랜디, 사과 브랜디, 오렌지 주스, 그레나덴 시럽",,과일이 지닌 성질을 충분히 발휘한 칵테일.,1,,
다이나마이트,쓴맛,쓴맛,30,#bf7e4a,brandy,"브랜디, 그랑 마니에, 오렌지 주스, 샴페인",,"자극적인 샴페인의 거품, 꽤 쓴맛이 나는 칵테일.",1,,
더블 트러블,"쓴맛, 단맛",중간 맛,30,#b16a63,brandy,"브랜디, 드라이 베르무트, 그레나덴 시럽, 앙고스트라 비터",,보기에는 달콤한 듯 보이지만 맛은 쌉쌀한 중간 맛의 칵테일.,0,,
던힐71,단맛,단맛,28,#ac7d6c,brandy,"브랜디, 초콜릿 리큐르, 크림 드 바나누",,디저트로서 어울리는 달고 농후한 맛의 칵테일.,0,,
찰스,"단맛, 쓴맛",중간 맛,28,#b3adab,brandy,"브랜디, 스위트 베르무트, 앙고스트라 비터",,쌉쌀한 것 같으면서 달콤한 뒷맛이 깨끗한 칵테일.,0,,
초콜릿 솔저,"단맛, 초콜릿맛",단맛,30,#a1713a,brandy,"브랜디, 드라이 베르무트, 크림 드 카카오, 오렌지 비터스",,초콜릿 맛을 그대로 살린 칵테일.,0,,
티엔티,쓴맛,쓴맛,32,#a16925,brandy,"브랜디, 코안트로, 앙고스트라 비터, 파스피스",,각각의 개성을 살린 식욕을 자극하는 대표적인 칵테일.,0,,
데이비스 브랜디,"쓴맛, 단맛",중간 단맛,26,#a93331,brandy,"브랜디, 드라이 베르무트, 그레나덴 시럽, 앙고스트라 비터",,쌉쌀한 가운데 단맛이 숨어 있는 칵테일.,0,,
댑스 봄,"신맛, 쓴맛",쓴맛,28,#893330,brandy,"브랜디, 사과 브랜디, 레몬 주스, 그레나덴 시럽",,깊고 조용한 취기가 전신에 퍼지는 칵테일.,1,,
토퍼,"상쾌한맛, 쓴맛",쓴맛,30,#997348,brandy,"브랜디, 아프리콧 브랜디, 크림 드 민트 화이트, 페르노",,민트의 상쾌함과 페르노의 배합으로 독특한 맛을 낸다.,0,,
톱스 스마일,"단맛, 산뜻한 맛",단맛,30,#8e544c,brandy,"브랜디, 체리 브랜디, 드랑브이, 아니세트, 오렌지 주스, 레몬 주스",,산뜻한 달콤함과 신선한 향을 맛본다.,1,,
드림,쓴맛,쓴맛,30,#c8903b,brandy,"브랜디, 큐라소, 페르노",,궁합이 맞는 배합에 페르노가 포인트가 된다.,0,,
나이트캡,단맛,단맛,19,#ae8f4b,brandy,"브랜디, 큐라소, 아니세트, 계란 노른자",,"자기 전에 마시면 좋은, 몸에 부드러운 칵테일.",0,,
낸시,"단맛, 쓴맛",중간 맛,22,#af9d70,brandy,"브랜디, 베네딕틴 돔, 포트와인",,리큐르의 단맛으로 적당히 중화된 칵테일.,0,,
니콜라시카,"신맛, 단맛",단맛,40,#dfb746,brandy,"브랜디, 설탕, 슬라이스 레몬",,신맛과 단맛이 퍼지는 입안에서 만드는 칵테일.,1,,
닉스 온,"쓴맛, 단맛",중간 맛,28,#7d412f,brandy,"브랜디, 스위트 베르무트, 앙고스트라 비터, 페르노",,쌉쌀함 뒤에 희미한 단맛의 뒷맛이 그윽한 칵테일.,0,,
뉴튼스 스페셜,"쓴맛, 단맛",중간 맛,30,#5d3b28,brandy,"브랜디, 코안트로, 앙고스트라 비터",,코안트로의 향이 잘 나는 중간 맛의 칵테일.,0,,
허큘리스,"신맛, 단맛",단맛,22,#7f3119,brandy,"브랜디, 디사론노 아마렛토, 그레나덴 시럽, 오렌지 주스",,여름의 별자리와 연관된 이름으로 새콤달콤한 여름 드링크.,1,,
하바드,감칠맛,중간 맛,28,#78513e,brandy,"브랜디, 스위트 베르무트, 앙고스트라 비터, 설탕 시럽",,달지도 쓰지도 않은 적당한 감칠맛이다.,0,,
패신저 리스트,"단맛, 제비꽃맛..?",단맛,35,#83766a,brandy,"브랜디, 샤르트뢰즈 옐로, 바이올렛 리큐르, 드라이 진, 페르노",,제비꽃 색과 향이 입안에 퍼지는 칵테일.,0,,
반더빌트,단맛,단맛,27,#714c4b,brandy,"브랜디, 체리 브랜디, 설탕 시럽, 앙고스트라 비터",,식후에 달콤하고 향기 있는 칵테일을 천천히 즐기는 행복한 시간.,0,,
피터 타워,쓴맛,쓴맛,30,#ab5d1f,brandy,"브랜디, 라이트 럼, 큐라소, 그레나덴 시럽, 레몬 주스",,럼과 큐라소로 브랜디가 남국 분위기로.,1,,
빅보이,쓴맛,중간 맛,32,#b27f33,brandy,"브랜디, 코안트로, 레몬 시럽",,"기품이 있는 향을 맛보는 식전, 식후에 마시는 칵테일.",1,,
비트윈 더 시츠,"신맛, 쓴맛",중간 맛,32,#ae7824,brandy,"브랜디, 화이트 럼, 코안트로, 레몬 주스",,의미 심장한 이름의 어른이 즐기는 칵테일.,1,,
빌리 해밀턴,"초콜릿맛, 단맛",단맛,30,#4b291c,brandy,"브랜디, 오렌지 큐라소, 크림 드 카카오, 계란 흰자",,초콜릿 맛이 피로를 달래주어 여유로운 기분으로 만드는 칵테일.,0,,
판타지오,"상쾌한맛, 쓴맛",쓴맛,30,#9c5728,brandy,"브랜디, 드라이 베르무트, 마라스키노, 크림 드 민트 화이트",,민트의 상큼함이 입안에 퍼지는 산뜻한 맛.,0,,
피비 스노,"감칠맛, 쓴맛",중간 맛,27,#6f4334,brandy,"브랜디, 듀보네, 페르노",,월광에 및나는 구름과 같은 아름다운 감칠맛이 있는 칵테일.,0,,
후플라,"신맛, 쓴맛",중간 맛,27,#af8c01,brandy,"브랜디, 코안트로, 릴레 블랑, 레몬 주스",,멋지다! 라는 이름대로 신선한 맛이 살아 있다.,1,,
페이버리트,신맛,중간 맛,28,#aa461d,brandy,"브랜디, 드라이 진, 레몬 주스, 그레나덴 시럽",,주스 감각이라고는 하나 도수가 강한 중간 맛의 식전주.,1,,
페르네,"단맛, 쓴맛",중간 맛,28,#906f40,brandy,"브랜디, 페르네 블랑카, 앙고스트라 비터, 설탕 시럽",,조금 변했지만 마시기 부드러운 식전주.,0,,
포 스코어,"단맛, 신맛",중간 맛,25,#926132,brandy,"브랜디, 릴레 블랑, 옐로 샤르트뢰즈",,"산뜻하고 순한 단맛, 과일 맛의 식전주.",1,,
브랜디 칵테일,"쓴맛, 부드러운맛",중간 맛,33,#6e4937,brandy,"브랜디, 베네딕틴, 앙고스트라 비터",,보드카 베이스도 있는 스탠더드한 식전주.,0,,
브랜디 에그 노그,"단맛, 쓴맛",중간 맛,27,#b2a293,brandy,"브랜디, 골든 럼, 설탕, 계란, 우유",,뜨거운 물을 부으면 톰&제리. 여름에 시원하게하여 마시는 계란 술.,0,,
브랜디 건프,신맛,중간 맛,30,#802b10,brandy,"브랜디, 레몬주스, 그레나덴 시럽",,신맛이 칵테일의 맛을 결정한다.,1,,
브랜드 크러스타,신맛,중간 맛,27,#b48a00,brandy,"브랜디, 큐라소, 마라스키노, 레몬 주스",,"상큼한 오렌지 맛, 레몬 껍질이 향기가 난다.",1,,
브랜드 콜린스,신맛,중간 맛,16,#7e2c11,brandy,"브랜디, 플레시 레몬 주스, 설탕가루, 소다수",,레몬의 신선한 향과 소다수의 상쾌함.,1,,
브랜드 샴파렐,신맛,중간 맛,30,#9c7b00,brandy,"브랜디, 큐라소, 앙고스트라 비터",,오렌지의 풍부한 향과 최고의 배합으로 탄생한 칵테일.,1,,
브랜디 픽스,"신맛, 부드러운맛, 단맛",중간 맛,18,#ae5211,brandy,"브랜디, 체리 브랜디, 레몬 주스, 설탕 시럽, 물",,신맛이 많이 나는 마시기 부드러운 여름 대상의 롱 드링크.,1,,
프린스 찰스,"신맛, 쓴맛",중간 맛,28,#9e560d,brandy,"브랜디, 드랑브이, 레몬 주스",,영국의 이미지에 맞춘 확실한 맛의 술.,1,,
블 프로그,"단맛, 초콜릿맛, 상쾌한맛",단맛,18,#7c8167,brandy,"브랜디, 카카오 리큐르, 크림 드 민트 글닌, 생크림",,민트 초콜릿의 맛으로 식후에 느긋하게 즐긴다.,0,,
플레이메이트,"신맛, 부드러운맛",중간 맛,30,#884919,brandy,"브랜디, 아프리콧 브랜디, 그랑 마니에, 오렌지 시럽, 계란 흰자, 앙고스트라 비터",,과일계로 통합한 계란 흰자로 감싼 부드러운 맛.,1,,
프레스토,"신맛, 단맛, 부드러운 맛",중간 맛,30,#bf6e25,brandy,"브랜디, 스위트 베르무트, 오렌지 주스, 페르노",,부드럽게 넘어가는 향이 풍부한 식전주.,1,,
프렌치 커넥션,단맛,단맛,34,#9b6b06,brandy,"브랜디, 아마렛토",,영화에 연류된 이름으로 풍부한 단맛과 향이 있는 칵테일.,0,,
프루프,쓴맛,중간 맛,30,#c6afa4,brandy,"브랜디, 스위트 베르무트, 베네딕틴",,베네딕틴의 향이 식욕을 돋구어주는 칵테일.,0,,
베티 로스,신맛,중간 맛,27,#6a1116,brandy,"브랜디, 포트와인, 앙고스트라 비터, 레몬 주스",,레몬의 신맛과 비터맛이 상큼하다.,1,,
베네딕틴 칵테일,신맛,중간 맛,25,#a35c00,brandy,"브랜디, 베네딕틴, 레몬 주스",,코냑을 베이스로 한 베네딕틴이 맛의 깊이를 더해 준다.,1,,
베란다,"신맛, 단맛",중간 맛,27,#ae7100,brandy,"브랜디, 드라이 베르무트, 오렌지 주스",,베란다로 바람에 날려서 마시고 싶은 주스 감각의 술.,1,,
펭귄,신맛,중간 맛,23,#c29000,brandy,"브랜디, 코안트로, 레몬 주스, 오렌지 주스",,과일 주스를 듬뿍 넣은 여름 대상의 칵테일.,1,,
휘프,"상쾌한맛, 쓴맛",중간 맛,32,#9b7500,brandy,"브랜디, 드라이 베르무트, 큐라소, 파스티스",,상쾌함이 있는 파스티스가 칵테일의 중심이 된다.,0,,
호스 넥,신맛,중간 맛,10,#b1820f,brandy,"브랜디, 레몬 껍질, 진저 에일",,주역은 레몬 껍질을 나선 모양으로 깎은 상큼한 맛의 칵테일.,1,,
버튼 훅,"상쾌한맛, 단맛",중간 맛,30,#b67b16,brandy,"브랜디, 아프리콧 브랜디, 크림 드 민트 화이트, 페르노",,민트의 향과 페르노가 식욕을 자극한다.,0,,
보니 프린스,쓴맛,중간 맛,25,#b18401,brandy,"브랜디, 드랑브이, 플레시 라임 주스",,마무리로 끼얹는 너츠메그가 칵테일의 포인트.,1,,
화이 메리,신맛,중간 맛,28,#a86900,brandy,"브랜디, 코안트로, 드라이 진, 레몬 주스",,신선하고 활기에 넘치는 신맛이 나는 칵테일.,1,,
봄베이,쓴맛,중간 맛,28,#9d4f13,brandy,"브랜디, 스위트 베르무트, 드라이 베르무트, 파스티스, 오렌지 큐라소",,각각의 증류주가 맛을 풍부하게 하는 칵테일.,1,,
미카도,쓴맛,중간 맛,31,#b67723,brandy,"브랜디, 크림 드 카카오, 큐라소, 설탕 시럽, 앙고스트라 비터",,개성이 강한 증류쥬끼리 깊이 있는 맛을 낸다.,0,,
물랭 로즈,신맛,중간 맛,11,#c19800,brandy,"브랜디, 파인애플 주스, 샴페인",,프랑스의 좋은 시대를 그리는 우아한 맛의 칵테일.,0,,
문 레이커,"단맛, 쓴맛",중간 맛,23,#603f37,brandy,"브랜디, 듀보네, 피치 브랜디, 페르노",,적당한 단맛과 페르노의 자극이 식욕을 돋구는 식전주.,0,,
메트로폴리탄 No 1,쓴맛,쓴맛,30,#892814,brandy,"브랜디, 스위트 베르무트, 설탕, 앙고스트라 비터",,확실한 쓴맛으로 목으로 넘길 때의 감칠맛이 여운을 남긴다.,0,,
메트로폴리탄 No 2,"단맛, 상쾌한맛",단맛,30,#652420,brandy,"브랜디, 듀보네, 크림 드 민트 화이트",,"메트로폴리탄의 단맛과 쓴맛, 이 두가지를 나누어 마셔보자.",0,,
모닝,"쓴맛, 상쾌한맛",쓴맛,30,#9d5d15,brandy,"브랜디, 드라이 베르무트, 큐라소, 마라스키노, 오렌지 비터, 페르노",,아침의 상쾌함을 칵테일로 기분 좋게 마실 수 있는 식전주.,1,,
몬태나,"단맛, 감칠맛, 쓴맛",중간 맛,24,#6d2315,brandy,"브랜디, 포트와인, 드라이 베르무트",,단맛 와인과 브랜디의 궁합이 맞는 칵테일.,0,,
영맨,"쓴맛, 단맛",쓴맛,32,#5b120c,brandy,"브랜디, 스위트 베르무트, 오렌지 큐라소, 앙고스트라 비터",,젊은이의 강인함을 연상한 달고 쌉쌀한 칵테일.,0,,
라 홀라,"신맛, 단맛",중간 맛,26,#b87900,brandy,"브랜디, 크림 드 바나누, 신선한 레몬 주스, 신선한 오렌지 주스",,과일 맛이 뒤섞인 올디스 드링크.,1,,
리에종,단맛,단맛,32,#88631b,brandy,"브랜디, 코안트로, 크림 드 카카오, 앙고스트라 비터",,달콤함이 마실수록 마음을 편안하게 한다.,0,,
릴리안,"단맛, 초콜릿맛",단맛,28,#7d2e23,brandy,"브랜디, 키르슈, 카카오 리큐르, 그레나덴 시럽",,"앵두와 초콜릿, 디저트로 즐길 수 있는 칵테일.",0,,
릴리퍼트,"신맛, 쓴맛",중간 맛,24,#a06801,brandy,"브랜디, 릴레 브랑, 레몬 주스, 화이트 큐라소",,식전 와인과 브랜디와 배합.,1,,
레이 롱,쓴맛,쓴맛,30,#642213,brandy,"브랜디, 스위트 베르무트, 앙고스트라 비터, 페르노",,변형이 많은 칵테일다운 맛.,0,,
레이크 사이드,"상쾌한맛, 단맛, 초콜릿맛",단맛,28,#73500a,brandy,"브랜디, 코안트로, 카카오 리큐르, 크림 드 민트 화이트",,민트 초콜릿 맛으로 식후의 대화를 즐기는 칵테일.,0,,
레이디 오브 메이,신맛,중간 맛,18,#923300,brandy,"브랜디, 체리 브랜디, 패션 푸르트 주스, 샴페인",,"5월의 체리, 그리고 샴페인의 고귀한 맛.",0,,
레이디 비 굿,단맛,중간 맛,26,#85574e,brandy,"브랜디, 스위트 베르무트, 크림 드 민트 화이트",,달콤하고 향이 좋은 칵테일.,0,,
라우드스피커,"신맛, 쓴맛",중간 맛,27,#ae7e00,brandy,"브랜디, 드라이 진, 트리플 섹, 신선한 레몬 주스",,신선한 레몬의 향과 쌉쌀한 맛을 부드럽게.,1,,
롤스 로이스,"감칠맛, 단맛",중간 맛,30,#955900,brandy,"브랜디, 코안트로, 오렌지 주스, 계란 흰자",,계란 흰자가 증류주를 부드럽게 감싸는 칵테일.,1,,
로스 로열,"단맛, 초콜릿맛, 상쾌한맛",단맛,30,#7f460e,brandy,"브랜디, 크림 드 바나누, 민트 초콜릿 리큐르",,브랜디와 리큐르의 멋진 조합.,0,,
업 투 데이트,쓴맛,중간 맛,30,#ad875f,whisky,"라이 위스키, 드라이 베르무트, 그랑 마니에, 앙고스트라 비터",,"라이 위스키의 향이 풍부하고, 그랑 마니에의 맛이 감돈다.",0,,
어드미럴,"신맛, 쓴맛",중간 맛,23,#bf8652,whisky,"버번 위스키, 엑스트라 드라이 베르무트, 레몬 주스",,음악가가 편곡한 재즈 팬을 위한 칵테일.,1,,
아이리시 커피,"커피맛, 부드러운맛",중간 맛,8,#54412c,whisky,"아이리시 위스키, 각설탕, 핫 커피, 휘프 크림",,"아일랜드 공항에서 만든, 몸을 따뜻하게 하는 핫 칵테일.",0,,
아피니티,쓴맛,중간 맛,28,#b5855b,whisky,"스카치 위스키, 스위트 베르무트, 드라이 베르무트, 앙고스트라 비터",,"영국, 프랑스, 이탈리아의 밀접한 관계를 표현.",0,,
앨곤킨,쓴맛,쓴맛,24,#c68e3f,whisky,"라이 위스키, 드라이 베르무트, 파인애플 주스",,파인 맛이 있지만 약간 쓴맛이 느껴지는 위스키 풍.,0,,
알폰소 카포네,"부드러운맛, 쓴맛",중간 맛,30,#c1b7b2,whisky,"I.W. 하퍼 골드 메달, 그랑 마니에 골들 루주, 녹색 멜론 리큐르, 플레시 크림",,1920년대 금연법 시대를 묘사.,0,,
언터처블,"신맛, 쓴맛",중간 맛,23,#936158,whisky,"아메리칸 위스키, 화이트 럼, 카시스, 블루 큐라소, 그레이프 프루트 주스",,미국 금연법 시대의 밀조주 취재관을 이미지.,0,,
비발레오,쓴맛,쓴맛,37,#885d29,whisky,"캐나디안 위스키, 갈리아노, 코안트로, 크림 드 민트",,세 종류의 리큐르의 균형이 잘 맞는 쓴맛 칵테일.,0,,
위즈 뱅,쓴맛,쓴맛,34,#8a5228,whisky,"스카치 위스키, 드라이 베르무트, 페르노, 그레나덴, 앙고스트라 비터",,페르노 맛이 특징인 쓴맛의 칵테일.,0,,
위스키 온 더 록,쓴맛,쓴맛,38,#8e5620,whisky,"위스키, 얼음",,위스키 그 자체를 차게 마신다.,0,,
위스키 칵테일,"쓴맛, 신맛",쓴맛,36,#7a5f3b,whisky,"스카치 위스키, 트리플 섹, 앙고스트라 비터",,위스키 본래의 맛과 향에 약간의 오렌지 맛.,0,,
위스키 코블러,쓴맛,쓴맛,32,#ae8236,whisky,"스카치 위스키, 설탕 시럽, 트리플 섹",,알코올의 강도와 쓴맛은 하드 드링크 경향.,0,,
위스키 사워,"신맛, 감칠맛",중간 맛,23,#c7a01b,whisky,"위스키, 레몬 주스, 설탕 시럽",,신맛이 나고 감칠맛이 좋은 대표적인 사워.,1,,
위스키 토디,"쓴맛, 단맛",중간 맛,18,#89755c,whisky,"위스키, 물, 설탕",,올드패션드를 희석한 듯한 달콤한 맛.,0,,
위스티 소다,쓴맛,쓴맛,13,#ae9b81,whisky,"위스키, 소다수",,구미에서 명칭은 위스키&소다 워터.,0,,
위스키 맥,쓴맛,중간 맛,20,#c89d0c,whisky,"스카치 위스키, 진저 와인",,스카치 중에서도 몰트 위스키로 맛보고 싶다.,0,,
위스키 플로트,쓴맛,쓴맛,13,#bd7b22,whisky,"위스키, 미네랄 워터",,"물과 알코올의 비중 차를 이용한, 보기만 해도 즐거운 술.",0,,
위스키 미스트,쓴맛,쓴맛,32,#bd9748,whisky,"위스키, 레몬필",,물을 타서 희석시킨 것과 온 더 록의 중간에 위치한 칵테일.,0,,
H.B.C 칵테일,"쓴맛, 신맛",중간 맛,33,#8b261a,whisky,"스카치 위스키, 베네딕틴, 크림 드 카시스, 레몬 주스",,약초계 리큐르와 카시스의 적당한 균형.,1,,
에반스,쓴맛,중간 맛,40,#85705f,whisky,"라이 위스키, 아프리콧 브랜디, 트리플 섹",,아프리콧으로 마시기 부드러우나 알코올 도수는 높다.,0,,
에리카,"쓴맛, 신맛",중간 맛,30,#943822,whisky,"스카치 위스키, 크림 드 카시스, 포도 주스, 그레나덴 시럽, 레몬 주스",,가련한 에리카 꽃을 표현한 화려한 분위기의 칵테일.,1,,
엠버시 로열,쓴맛,중간 맛,33,#8c512d,whisky,"버번 위스키, 드랑브이, 스위트 베르무트, 오렌지 시럽",,드랑브이가 숙성된 깊은 향을 충분히 즐길 수 있다.,0,,
올드 니크,신맛,중간 맛 ,30,#9c6726,whisky,"라이 위스키, 드랑브이, 오렌지 주스, 레몬 주스, 앙고스트라 비터",,감귤계의 신맛이 상쾌한 깊이가 있는 위스키 칵테일.,1,,
올드 펄,"쓴맛, 감칠맛",중간 맛,25,#773612,whisky,"라이 위스키, 드라이 베르무트, 캄파리 비터",,쌉쌀함 가운데 약간의 감칠맛이 인기의 비결.,0,,
올드 패션드,"쓴맛, 단맛",중간 맛,32,#9d5419,whisky,"버번 또는 라이 위스키, 앙고스트라 비터, 각설탕",,"머들러로 각설탕, 오렌지를 으깨면서 자신의 맛을 즐기자.",0,,
오리엔탈,"신맛, 단맛",중간 맛,25,#c1962a,whisky,"라이 위스키, 베르무트 비앙코, 트리플 섹, 라임 주스",,신선한 단맛과 향으로 동양적인 기분으로.,1,,
오를레아니안,"단맛, 쓴맛",중간 맛,36,#a3623c,whisky,"라이 위스키, 페르노, 설탕 시럽, 앙고스트라 비터",,단맛과 약간의 쌉쌀함이 미묘한 균형을 이룬다.,0,,
카우보이,"부드러운맛, 쓴맛",중간 맛,27,#98867b,whisky,"버번 위스키, 플레시 크림",,위스키와 크림만으로 부드러운 감칠맛.,0,,
키스 미 퀵,쓴맛,중간 맛,27,#965815,whisky,"스카치 위스키, 프랑부아즈, 듀보네",,호텔의 바에서 기분을 돋울 때 주문.,0,,
캡틴 콜린스,신맛,중간 맛,27,#9e660c,whisky,"캐나디언 위스키, 플레시 라임 주스, 그레나덴 시럽",,신맛이 나는 위스키 콜린스.,1,,
킹 조지 피브스,"떫은맛, 쓴맛",중간 맛,36,#9c7130,whisky,"스카치 위스키, 드라이 진, 코안트로, 크림 드 카카오, 레몬 주스",,"떫은 맛, 쓴맛이 적당한 균형을 이룬다.",1,,
킹스 밸리,"부드러운맛, 신맛",중간 맛,33,#5486a7,whisky,"스카치 위스키, 화이트 큐라소, 라임 주스, 블루 큐라소",,큐라소의 향으로 부드러운 맛.,1,,
클로버 나이트,단맛,단맛,24,#8b8071,whisky,"아이리시 위스키, 베일리스 아이리시 크림, 비치 리큐르",,행복을 불러올 것 같은 칵테일.,0,,
크론다이크 쿨러,"상쾌한맛, 신맛, 쓴맛",중간 맛,12,#bd9400,whisky,"위스키, 오렌지 주스, 설탕 시럽, 진저 에일",,위스키에 진저 에일을 섞어 목을 넘길 때 상쾌한 칵테일.,1,,
케이블그램 하이볼,"신맛, 단맛",중간 맛,13,#c0b4a1,whisky,"위스키, 레몬 주스, 시럽",,진저 에일의 상큼한 맛의 롱 드링크.,1,,
캔터키 커늘,"쓴맛, 단맛",중간 맛,40,#986636,whisky,"버번 위스키, 베네딕틴",,버번 맛이 나는 강한 칵테일.,0,,
코튼 플라워,신맛,중간 맛,25,#a51c12,whisky,"잭다니엘 블랙, 디사론노 아마렛토, 오렌지 히링, 오렌지 주스, 그레나덴 시럽",,잭다니엘을 사용한 맛있는 칵테일.,1,,
갓파더,"단맛, 쓴맛",단맛,34,#87620e,whisky,"위스키, 아마렛토",,아마렛토의 향과 단맛이 농후한 위스키의 맛을 감싼다.,0,,
코모도르,"쓴맛, 감칠맛",쓴맛,26,#8f4d0f,whisky,"버번 위스키, 레몬 주스, 설탕 시럽, 앙고스트라 비터",,산뜻한 감칠맛의 바다 사나이의 칵테일.,1,,
사일런트 서드,"쓴맛, 신맛",중간 맛,26,#cbb365,whisky,"스카치 위스키, 코안트로, 레몬 주스",,확실한 맛을 부드러운 향으로 마무리했다.,1,,
서던 진저,"신맛, 쓴맛",쓴맛,27,#8c5712,whisky,"버번 위스키, 레몬 주스",,레몬의 신맛이 강하고 산뜻한 칵테일.,1,,
서던 벨르,"상쾌한맛, 쓴맛, 부드러운맛",중간 맛,21,#836f60,whisky,"버번 위스키, 플레시 크림, 크림 드 민트, 크림 드 카카오",,일명 남국의 미녀라고도 한다. 민트 맛이 상쾌한 칵테일.,0,,
서머 히스,단맛,단맛,33,#86430e,whisky,"스카치 위스키, 크림 드 카시스, 드랑브이, 플레시 라임 주스",,한여름에 피어나는 히스꽃을 연상.,1,,
존 콜린스,신맛,중간 맛,14,#9f864c,whisky,"버번 또는 라이 위스키, 레몬 주스, 설탕 시럽, 소다수",,일명 위스키 콜린스. 레몬으로 산뜻한 맛.,1,,
스카치 킬트,쓴맛,중간 맛,36,#bb9811,whisky,"스카치 위스키, 드랑브이, 오렌지 비터",,스코틀랜드에서 탄생한 싶은 맛을 즐길 수 있는 칵테일.,1,,
스카치 콜린스,신맛,중간 맛,18,#845c0a,whisky,"스카치 위스키, 레몬 주스, 설탕 시럽",,스카치를 사용한 산뜻한 맛의 롱 드링크.,1,,
스카치 프라페,쓴맛,중간 맛,22,#a06c00,whisky,스카치 위스키,,자잘한 얼음이 혀에 닿는 감촉이 시원하고 마시기 쉽다.,0,,
세인트 앤드류스,"단맛, 신맛",중간 맛,27,#895012,whisky,"스카치 위스키, 드랑브이, 오렌지 주스",,오렌지의 단맛이 나는 부드러운 술.,1,,
타탄 체크,신맛,중간 맛,8,#915705,whisky,"스카치 위스키, 마티니 비터, 레몬 주스",,오이의 시원함과 토닉 향. 약간의 마티니 맛이 맛있다.,1,,
더비 피즈,신맛,중간 맛,14,#ad7e00,whisky,"위스키, 오렌지 큐라소, 레몬 주스, 설탕 시럽, 계란",,영양 만점의 드링크로 경마로 뜨거워진 머리를 식혀 준다.,1,,
처칠,신맛,중간 맛,27,#b87e00,whisky,"스카치 위스키, 스위트 베르무트, 코안트로, 레몬 주스 또는 라임 주스",,누구라도 친근해질 수 있는 과일 맛과 향.,1,,
데일리 메일,"쓴맛, 단맛",중간 맛,21,#812e0a,whisky,"라이 위스키, 아메르 피콘, 오렌지 주스, 앙고스트라 비터",,쓴맛이 부드러워서 감칠맛이 좋다.,1,,
테네시 쿨러,상쾌한맛,중간 맛,15,#7c8e48,whisky,"테네시 위스키, 크림 드 민트 그린, 레몬 주스, 설탕 시럽, 진저 비어",,테네시 강의 시원함을 연상케 하는 롱 드링크.,1,,
나이트 세이드,"단맛, 신맛",중간 맛,25,#a0672c,whisky,"버번 위스키, 스위트 베르무트, 오렌지 주스, 샤르트뢰즈 옐로",,베르무트와 오렌지의 단맛이 일품. 전체 맛이 순하여 마시기 부드럽다. ,1,,
뉴욕,"단맛, 신맛, 쓴맛",중간 맛,26,#cc7e19,whisky,"버번 위스키 또는 라이 위스키, 라임 주스 코디얼, 그레나덴 시럽, 파우더 슈거",,과일 맛도 즐길 수 있는 달콤한 맛과 쌉쌀한 맛.,1,,
네빈스,신맛,중간 맛,17,#b57a25,whisky,"버번 위스키, 포도 주스, 아프리콧 브랜디, 레몬 주스, 앙고스트라 비터",,레몬의 신맛을 끌어내어 주스 같은 맛.,1,,
바바리 코스트,부드러운맛,중간 맛,28,#aa9176,whisky,"스카치 위스키, 화이트 럼, 드라이 진, 크림 드 카카오, 플레시 크림",,카사블랑카가 있는 북아프리카 연안이 칵테일 이름.,0,,
바비칸,"신맛, 쓴맛",중간 맛,30,#bd922a,whisky,"스카치 위스키, 좋아하는 과일 주스, 드랑브이",,"좋아하는 주스를 사용하여 단맛, 신맛을 조정한다.",1,,
퍼펙트 로브 로이,"단맛, 쓴맛",중간 맛,34,#8e6142,whisky,"스카치 위스키, 드라이 베르무트, 스위트 베르무트",,"단맛과 쓴맛의 균형이 맞고, 향과 맛이 풍부한 칵테일.",0,,
버번 쿨러,"단맛, 쓴맛",중간 맛,12,#c08336,whisky,"버번 위스키, 크림 드 민트, 그레나덴 시럽, 설탕 시럽, 앙고스트라 비터",,갈증을 해소해 주는 버번에 소다수를 탄 것.,0,,
버버넬라,"감칠맛, 쓴맛",중간 맛,28,#a47d61,whisky,"버번 위스키, 드라이 베르무트, 오렌지 큐라소, 그레나덴 시럽",,버번의 맛이 깊고 감칠맛이 있는 칵테일.,1,,
버번 콜린스,"단맛, 신맛",중간 맛,10,#746d4e,whisky,"버번 위스키, 레몬 주스, 설탕 가루",,새콤달콤함이 목을 상쾌하게 해 준다.,1,,
버번 미스트,쓴맛,중간 맛,30,#b79345,whisky,버번 위스키,,부순 얼음과 함꼐 버번이 목을 통과한다.,0,,
하이 해트,"단맛, 신맛",중간 맛,23,#ca7318,whisky,"라이 또는 버번 위스키, 레몬 주스, 체리 브랜디",,단맛과 신맛이 훌룡하게 조화를 이루는 고전적인 스타일.,1,,
하이볼,신맛?,쓴맛,8,#796432,whisky,"위스키, 소다수",,손쉽게 만들 수 있는 위스키에 소다수를 탄 것.,0,,
하이랜드 쿨러,신맛,중간 맛,13,#ac8f41,whisky,"스카치 위스키, 레몬 주스, 설탕 시럽, 앙고스트라 비터, 진저 에일",,위스키의 동경의 땅 하이랜드 지방.,1,,
파디,"단맛, 쓴맛",중간 맛,32,#85410f,whisky,"아이리시 위스키, 스위트 베르무트, 앙고스트라 비터",,아일랜드 인의 별명이 칵테일 이름.,0,,
해리 로더,"쓴맛, 단맛",중간 맛,25,#8b5632,whisky,"스카치 위스키, 스위트 베르무트, 설탕 시럽",,스카치의 독특한 비트 향이 더해 가는 칵테일.,0,,
허리케인,"쓴맛, 상쾌한맛",중간 맛,26,#d3ba73,whisky,"위스키, 드라이 진, 페퍼민트 화이트, 레몬 주스",,"알코올 도수는 높지만, 마실 때 느낌이 좋은 칵테일.",1,,
팬 아메리칸,"쓴맛, 신맛, 단맛",중간 맛,27,#a07b2f,whisky,"라이 위스키, 플레시 레몬 주스, 설탕 시럽",,새콤달콤함과 위스키의 쓴맛이 잘 혼합되었다.,1,,
포리브스 클로버,신맛,중간 맛,26,#bfa724,whisky,"산토리 위스키 크레스트, 산토리 멜론 리큐르, 산페스타 그레이프 프루트, 산토리 칵테일 레몬",,꿈이 이루어진다? 네 잎 클로버를 연상.,1,,
헌터,"신맛, 단맛",단맛,32,#935541,whisky,"라이 위스키, 체리 브랜디",,위스키의 감칠맛과 체리의 새콤달콤함이 절묘한 맛을 이룬다.,1,,
블랙 호크,"단맛, 쓴맛",쓴맛,36,#914d2b,whisky,"버번 위스키, 슬로진",,슬로진의 단맛과 쓴맛이 진하게 나는 칵테일.,0,,
블랙 워치,"커피맛, 단맛, 쓴맛",중간 맛,12,#825b38,whisky,"스카치 위스키, 칼루아",,커피 리큐르의 맛을 살린 식후에 마시는 칵테일.,0,,
블러드 앤드 샌드,"단맛, 신맛",단맛,18,#935c34,whisky,"스카치 위스키, 스위트 베르무트, 체리 브랜디, 오렌지 주스",,선명한 붉은색의 칵테일. 부드러운 단맛으로 마시기 쉽다.,1,,
브루클린,쓴맛,쓴맛,30,#c78528,whisky,"라이 위스키, 드라이 베르무트, 마라스키노, 아메르 피콘",,"맨해튼을 쓴맛으로 만들어, 약간 맛을 복잡하게 만든 칵테일.",0,,
버보넬라,쓴맛,쓴맛,35,#915f1a,whisky,"버번 위스키, 트리플 섹, 드라이 베르무트, 그레나덴 시럽",,3배 쓰다는 뜻의 트리플 섹을 사용.,0,,
프로즌 스카치,"신맛, 단맛",중간 맛,15,#b49b6a,whisky,"스카치 위스키, 레몬 주스, 설탕 가루, 코안트로, 앙고스트라 비터, 파인애플",,여름 기분이 가득한 시원한 프로즌 스타일.,1,,
헤어 오브 더 독,"단맛, 부드러운맛",단맛,18,#a7987a,whisky,"스카치 위스키, 생크림, 꿀",,꿀의 단맛과 건강미가 가득.,0,,
베네딕트,"상쾌한맛, 쓴맛",중간 맛,16,#b19159,whisky,"스카치 위스키, 베네딕틴",,베네딕틴의 풍부한 맛과 진저의 맛이 시원하다.,0,,
홀 인 원,"쓴맛, 신맛",쓴맛,30,#c49f00,whisky,"스카치 위스키, 드라이 베르무트, 레몬 주스, 오렌지 비터",,골프가 번창한 미국산의 칵테일.,1,,
핫 위스키 토디,"쓴맛, 단맛",중간 맛,12,#694b1f,whisky,"위스키, 뜨거운 물, 각설탕, 레몬 슬라이스",,몸 속까지 따뜻해지는 겨울 밤에 권하고 싶은 핫 칵테일.,1,,
마이애미 비치,신맛,중간 맛,23,#c7a500,whisky,"위스키, 드라이 베르무트, 그레이프 프루트 주스",,셰이커의 흔드는 정도에 따라 미묘하게 변하는 섬세한 맛.,0,,
마이 도쿄,단맛,단맛,32,#6d541c,whisky,"위스키, 오렌지 큐라소, 코디얼 라임 주스",,도쿄 올림픽의 흥분을 칵테일에 담았다.,1,,
마미 테일러,"상쾌한맛, 신맛",중간 맛,13,#b49a2e,whisky,"스카치 위스키, 플레시 라임 주스, 진저 에일",,청량감이 있고 질리지 않는 롱 드링크.,1,,
맨해튼,쓴맛,중간 맛,32,#874a22,whisky,"캐나디안 위스키, 스위트 베르무트, 앙고스트라 비터",,초고층 빌딩의 스탠드바에서 야경을 보면서 마시고 싶다.,0,,
민트 쿨러,"상쾌한맛, 쓴맛",중간 맛,12,#6d5e27,whisky,"위스키, 크림 드 민트 화이트, 소다수",,더운 여름에 상쾌한 민트로 보다 시원하게 즐길 수 있다.,0,,
멜팅,"쓴맛, 단맛",단맛,33,#ac903a,whisky,"아이리시 위스키, 티아 마리아, 포트와인, 휘프 크림",,젊은 날의 감상을 칵테일에 표현.,0,,
민트 쥴렙,"상쾌한맛, 쓴맛",중간 맛,27,#b39745,whisky,"버번 위스키, 민트의 어린 싹, 설탕",,켄터키 더비의 개회일에는 몇만 잔이나 마실 수 있을까.,0,,
라이 앤드 드라이,쓴맛,중간 맛,24,#756441,whisky,"라이 위스키, 드라이 베르무트, 앙고스트라 비터",,이름대로 쌉쌀한 비터한 맛.,0,,
모닝 글로리 피즈,"신맛, 단맛",중간 맛,13,#bba446,whisky,"스카치 위스키, 레몬 주스, 페르노, 설탕 시럽, 계란 흰자, 소다수",,숙취한 다음날 아침의 해장술로 만든 칵테일.,1,,
라이 위스키 칵테일,쓴맛,중간 맛,35,#9a5f0d,whisky,"라이 위스키, 설탕 시럽, 앙고스트라 비터",,라이 위스키의 적당한 맛의 본격파.,0,,
라이 콜린스,신맛,중간 맛,13,#946315,whisky,"라이 위스키, 레몬 주스, 설탕 시럽, 소다수",,청량감 가득한 위스키 콜린스.,1,,
라이 레인,"신맛, 단맛",단맛,26,#be9800,whisky,"라이 위스키, 트리플 섹, 오렌지 주스, 크림 드 느와요",,오렌지 맛과 향이 나며 과일 맛이 난다.,1,,
러스티 네일,"단맛, 쓴맛",단맛,37,#6d5338,whisky,"위스키, 드랑브이",,스카치 끼리의 중후한 맛.,0,,
린스티드,신맛,중간 맛,20,#b98845,whisky,"스카치 위스키, 그레이프 푸르트 주스, 파스티스",,주스처럼 마시는 감칠맛이 있는 칵테일.,1,,
레이디스,쓴맛,쓴맛,38,#79481d,whisky,"버번 위스키, 페르노, 아니세트, 앙고스트라 비터",,세종류의 약초계 리큐르를 사용하지만 맛은 초비터.,0,,
레이디스 드림,"단맛, 신맛",단맛,30,#68371a,whisky,"버번 위스키, 코안트로, 플레이즈 데 보와, 플레시 크림",,오렌지의 단맛과 딸기의 신맛이 균형을 이룬다.,0,,
록 로몬드,"단맛, 쓴맛",단맛,28,#8f6d23,whisky,"스카치 위스키, 설탕 시럽, 앙고스트라 비터",,올드패션드보다 더욱 달콤한 롱 드링크.,0,,
로스엔젤레스,신맛,중간 맛,15,#67521e,whisky,"스카치 위스키, 레몬 주스, 계란, 스위트 베르무트",,온난한 기후를 연상케 하는 컬러.,1,,
로버트 번즈,쓴맛,중간 맛,31,#80440b,whisky,"스카치 위스키, 스위트 베르무트, 앙고스트라 비터, 페르노",,스카치를 사랑한 전설의 시인을 생각하며.,0,,
로열 앰베세더,신맛,단맛,37,#bb8e0f,whisky,"스카치 위스키, 드랑브이, 레몬 주스",,레몬의 신맛이 나며 식후에 마시면 깨끗하다.,1,,
로브 로이,쓴맛,쓴맛,32,#714c10,whisky,"스카치 위스키, 스위트 베르무트, 앙고스트라 비터",,더 사보이 에서 탄생한 맨해튼의 영국판 칵테일.,0,,
워드 에이트,신맛,중간 맛,21,#d29500,whisky,"버번 위스키, 오렌지 주스, 레몬 주스, 그레나덴 시럽",,보스턴 시가 8개의 구로 나누었을 때 탄생.,1,,
원 아일랜드,"상쾌한맛, 단맛, 부드러운맛",단맛,18,#d4cbbe,whisky,"아이리시 위스키, 크림 드 민트, 바닐라 아이스크림",,민트의 상쾌한 맛을 즐길 수 있는 여름 대상의 칵테일.,0,,
아이스 브레이커,"신맛, 단맛",중간 맛,19,#b07859,tequila,"테킬라, 코안트로, 그레이프 프루트 주스, 그레나덴 시럽",,분위기를 부드럽게 하는 뜻을 지닌 칵테일.,0,,
아카풀코,"부드러운맛, 신맛",중간 맛,11,#a98548,tequila,"테킬라, 화이트 럼, 파인애플 주스, 그레이프 프루트 주스, 코코넛 밀크",,코코넛의 맛이 독특한 향을 전해 준다.,0,,
아카풀코 골드,"단맛, 신맛",중간 맛,10,#b79854,tequila,"테킬라, 럼, 파인애플 주스, 크림 드 코코넛",,더운 날에 기운을 되찾아 주는 감칠맛이 있는 칵테일.,0,,
어스퀘이크(데킬라),"단맛, 신맛",단맛,20,#7a403f,tequila,"테킬라, 그레나덴 시럽, 딸기, 앙고스트라 비터",,딸기 맛이 맛있는 달콤한 칵테일.,1,,
아즈테카,"단맛, 신맛",단맛,15,#ce9d4c,tequila,"테킬라, 플레시 라임 주스, 설탕 가루, 망고",,망고의 달콤한 맛이 맛있는 프로즌 스타일.,1,,
아메리칸 리전 마르가리타,"쓴맛, 신맛",중간 쓴맛,25,#b3a27d,tequila,"테킬라, 코안트로, 레몬 주스, 라임 주스",,마르가리타를 마시기 쉬운 부드러운 감칠맛으로.,1,,
앰베서더,"신맛, 단맛",중간 맛,11,#d8a92a,tequila,"테킬라, 오렌지 주스, 설탕 시럽",,산뜻한 오렌지가 테킬라를 부드럽게.,1,,
에버 그린,"상쾌한맛, 신맛",중간 맛,11,#bfb570,tequila,"테킬라, 크림 드 민트 그린, 갈리아노, 파인애플 주스",,녹색이 아름다운 상큼한 맛.,0,,
엘 디아블로,신맛,중간 맛,11,#93493d,tequila,"테킬라, 크림 드 카시스, 진저 에일, 라임",,이름에 비해 맛이 상큼하다.,1,,
코코넛 데킬라,"단맛, 부드러운맛",중간 맛,20,#8a6f53,tequila,"테킬라, 레몬 주스, 코코넛 밀크, 마라스키노",,약간의 단맛이 맛있는 트로피컬 칵테일.,1,,
콘치타,"신맛, 단맛",중간 맛,16,#a39e8f,tequila,"테킬라, 그레이프 프루트 주스, 레몬 주스",,포도의 부드러운 달콤함 속에 레몬 향이.,1,,
실크 스타킹,"단맛, 부드러운맛",단맛,21,#d5a11c,tequila,"테킬라, 크림 드 카카오, 그레나덴 시럽, 플레시 크림",,식후에 디저트 대신에 권하고 싶은 달콤한 칵테일.,0,,
시클라멘,"신맛, 쓴맛",중간 맛,32,#7f6552,tequila,"테킬라, 코안트로, 오렌지 주스, 레몬 주스, 그레나덴 시럽",,아름다운 시클라멘 꽃을 연상한 칵테일.,1,,
슬로 데킬라,"신맛, 떫은맛",중간 맛,22,#bf9059,tequila,"테킬라, 슬로진, 레몬 주스",,성인 취향의 떫은 맛의 슬로진과 궁합이 뛰어나다.,1,,
차파라,"단맛, 신맛",단맛,9,#b2513d,tequila,"테킬라, 레몬 주스, 오렌지 주스, 그레나덴 시럽, 오렌지 플라워 워터",,테킬라를 느끼지 못하게 하는 과일 향.,1,,
데킬라 앤드 토닉,신맛,중간 맛,16,#bbb4bf,tequila,"테킬라, 토닉 워터",,간단한 레시피로 산뜻한 맛.,0,,
테키니,쓴맛,쓴맛,34,#806650,tequila,"테킬라, 드라이 베르무트",,마티니의 테킬라 파느 플레 디너 칵테일.,0,,
데킬라 아 라 멕시칸,쓴맛,쓴맛,40,#a7825f,tequila,테킬라,,차게 한 테킬라의 멕시코류의 작법.,0,,
데킬라 오렌지,"신맛, 단맛",중간 단맛,14,#be6400,tequila,"테킬라, 오렌지 주스",,"간단한 레시피로, 산뜻한 드링크.",1,,
데킬라 칵테일,"신맛, 단맛",중간 단맛,16,#935e2a,tequila,"테킬라, 플레시 라임 주스, 설탕 시럽, 그레나덴 시럽",,신선한 라임 향이 나는 프로즌 칵테일.,1,,
데킬라 선셋,신맛,중간 맛,5,#ac6c2c,tequila,"테킬라, 레몬 주스, 그레나덴 시럽",,멕시코 저녁 놀을 연상케 하는 프로즌 스타일.,1,,
데킬라 선라이즈,"신맛, 감칠맛",중간 맛,12,#bb7412,tequila,"테킬라, 오렌지 주스, 그레나덴 시럽",,감칠맛이 좋고 신선한 맛을 즐긴다.,1,,
데킬라 데이지,"신맛, 단맛",중간 맛,22,#856551,tequila,"테킬라, 플레시 라임 주스, 그레나덴 시럽",,신맛과 단맛이 나는 마시기 부드러운 시원한 칵테일.,1,,
두랑고,신맛,중간 맛,7,#ae8b47,tequila,"테킬라, 그레이프 프루트 주스, 아몬드 시럽",,목의 갈증을 해소하는 청량감 넘치는 칵테일.,0,,
판초 빌라,"커피맛, 쓴맛",중간 맛,21,#8d3b17,tequila,"테킬라, 티아 마리아, 코안트로",,커피콩이 글라스에 뜨는 여유로운 마음이 생기는 칵테일.,0,,
파카도르,"단맛, 커피맛",단맛,33,#4f1710,tequila,"테킬라, 칼루아",,달콤한 커피 맛의 테킬라 칵테일.,0,,
블러디 블,신맛,중간 맛,14,#4f1710,tequila,"테킬라, 레몬 주스, 토마토 주스, 비프 브이용",,토마토와 비프 브이용이 만들어내는 맛을 즐긴다.,1,,
프로스트바이트,"초콜릿맛, 단맛, 부드러운맛, 감칠맛",단맛,18,#8f8c8e,tequila,"테킬라, 크림 드 카카오 화이트, 생크림",,초콜릿 드링크와 비슷한 감칠맛이 좋은 칵테일.,0,,
프로즌 스트로베리,"단맛, 신맛",단맛,22,#812717,tequila,"테킬라, 리큐르 드 프레이즈, 딸기, 레몬 주스",,그 이름대로 딸기로 만든 칵테일.,1,,
프로즌 블루 마가리타,단맛,중간 맛,7,#347292,tequila,"테킬라, 블루 큐라소, 레몬 주스, 설탕",,보기에도 시원한 느낌의 여름 기분이 가득하다.,1,,
브로드웨이 서스트,"신맛, 단맛",중간 맛,16,#cfa000,tequila,"테킬라, 오렌지 주스, 레몬 주스, 설탕 시럽",,감귤계의 맛을 듬뿍 즐길 수 있는 드링크.,1,,
헤르메스,쓴맛,쓴맛,21,#a0735f,tequila,"테킬라, 크림 드 코바이, 라임 주스, 아니세트",,전령의 신 헤르메스의 이름을 딴 칵테일.,1,,
마타도르,"단맛, 신맛",단맛,12,#ad8000,tequila,"테킬라, 파인애플 주스, 플레시 라임 주스",,과일의 단맛과 신맛이 테킬라를 상큼하게.,1,,
마리아 데레사,신맛,중간 맛,20,#4b1012,tequila,"테킬라, 라임 주스, 크랜베리 주스",,의외로 산뜻한 신맛이 나는 어른 취향의 맛.,1,,
마르가리타,쓴맛,중간 맛,26,#b3ab95,tequila,"테킬라, 화이트 큐라소, 레몬 주스",,낭만적인 에피소드로 꾸준한 인기를 자랑한다.,1,,
멕시칸,"신맛, 감칠맛",중간 맛,17,#ad5b17,tequila,"테킬라, 파인애플 주스, 그레나덴 시럽",,감칠맛이 좋은 파인애플 주스가 맛을 좌우한다.,1,,
머킹버드,상쾌한맛,중간 맛,22,#527740,tequila,"테킬라, 페퍼민트 그린, 라임 주스",,녹색과 민트의 자극은 숲의 상쾌함을 표현.,1,,
라이징 선,쓴맛,쓴맛,31,#c6c4be,tequila,"테킬라, 샤르트뢰즈 옐로, 라임 주스, 슬로진",,글라스 속에서 새벽 놀의 태양을 볼 수 있다.,1,,
아도니스,쓴맛,중간 맛,16,#bc6e24,wine&champagne,"드라이 셰리, 스위트 베르무트, 오렌지 비터스",,셰리주의 고급스러움이 살아 있는 식전주의 대표격.,1,,
아딩톤,쓴맛,중간 맛,12,#b6621b,wine&champagne,"드라이 베르무트, 스위트 베르무트, 소다수",,두 종류의 베르쿠트에 의한 미묘하고 복잡한 맛.,0,,
아무르,쓴맛,중간 맛,18,#8c2e27,wine&champagne,"스위트 셰리, 드라이 베르무트, 앙고스트라 비터",,사랑이라는 이름에 어울리는 정열적인 색채의 칵테일.,0,,
아메리카노,"단맛, 쓴맛",중간 맛,9,#8b391b,wine&champagne,"스위트 베르무트, 캄파리, 소다수",,단맛과 쓴맛이 나는 식욕 증진 드링크.,0,,
아메리칸 레모네이드,"신맛, 단맛",중간 맛,3,#a9613d,wine&champagne,"붉은 와인, 레몬 주스, 설탕 시럽, 미네랑 워터",,알코올이 소량 들어 있는 여성 대상의 레모네이드.,1,,
위스턴 일렉트릭,"단맛, 쓴맛",중간 맛,20,#822926,wine&champagne,"브랜디, 메독 산 와인, 코안트로",,드라이 샴페인을 띄운 칵테일.,0,,
키르,쓴맛,중간 맛,11,#d6a629,wine&champagne,"드라이 화이트 와인, 크림 드 카시스",,와인 칵테일의 일품으로서 알려진 식전주의 스타.,0,,
키르 로열,신맛,중간 맛,12,#b66f14,wine&champagne,"샴페인, 크림 드 카시스",,샴페인의 미세한 기포가 파티의 분위기를 고조시킨다.,0,,
클라우드 버스터,"신맛, 쓴맛",중간 맛,22,#aa631d,wine&champagne,"보드카, 샴페인",,술맛에 이끌려 소란을 피우지 않도록.,0,,
코로네이션,쓴맛,중간 맛,16,#855a29,wine&champagne,"드라이 셰리, 드라이 베르무트, 오렌지 비터, 마라스키노",,오렌지 비터의 쓴맛이 효과적.,0,,
쉐리 트위스트,신맛,중간 맛,20,#ce8d00,wine&champagne,"드라이 셰리, 위스키, 오렌지 주스, 코안트로",,셰리와 위스키가 만드는 깊이가 있는 맛.,1,,
쉐리 플립,"감칠맛, 단맛, 쓴맛",중간 맛,9,#a5742c,wine&champagne,"드라이 셰리, 설탕 시럽, 계란 노른자",,느긋하게 시간을 즐기기 위하여 식후에 권장.,0,,
주얼리 박스,"신맛, 단맛",단맛,18,#a92123,wine&champagne,"화이트 포트, 루비 포트, 칼바도스, 레스 큐라소, 포도 주스",,2종류의 포트와인에 과일 맛이 더해진다.,1,,
샴페인 칵테일,신맛,중간 맛,12,#988481,wine&champagne,"샴페인, 각설탕, 앙고스트라 비터",,섬세한 맛을 즐기며 계속 마시고 싶은 칵테일.,0,,
샴페인 쥴렙,"상쾌한맛, 단맛",단맛,15,#826a3f,wine&champagne,"샴페인, 설탕 가루",,민트의 산뜻함과 샴페인이 넘어갈 때 상쾌하다.,0,,
심포니,"신맛, 단맛",단맛,14,#702820,wine&champagne,"흰 와인, 피치 트리, 그레나덴 시럽, 설탕 시럽",,복숭아의 신선한 맛과 향을 즐길 수 있다.,0,,
스프리처,신맛,쓴맛,5,#c6b38a,wine&champagne,"드라이 와인, 소다수",,흰 와인을 소다수로 희석한 가볍고 건강한 칵테일.,0,,
스마일링,"단맛, 쓴맛",중간 맛,13,#aa7f4b,wine&champagne,"차게 한 드라이 와인, 진저 에일, 브랜디",,적당히 단맛에 쓴맛이 섞인 중간 맛의 칵테일.,0,,
세레브레이션,신맛,중간 맛,13,#962016,wine&champagne,"스파클링 와인, 코냑, 크림 드 프랑부아즈",,인생의 새 출발에 어울리는 화려하고 품위 있는 칵테일.,0,,
솔 키스,"단맛, 신맛",단맛,12,#7a1f12,wine&champagne,"드라이 베르무트, 스위트 베르무트, 듀보네, 오렌지 주스",,와인계로 정리한 균형이 맞는 칵테일.,1,,
다이나마이트,"부드러운맛, 신맛",중간 맛,20,#b14e0c,wine&champagne,"그랑 마니에, 브랜디, 오렌지 주스, 샴페인",,"부드러운 맛과 아름다운 색채, 보기보다 알코올 도수가 강하다.",1,,
채플,"신맛, 단맛",중간 맛,18,#aa8858,wine&champagne,"샤르도네, 시트론 제니버, 워터멜론, 마라스키노",,과일 맛이 풍부한 식후용 칵테일.,0,,
버건디 칵테일,쓴맛,쓴맛,19,#5d261c,wine&champagne,"브루고뉴 와인, 브랜디, 마라스키노",,브루고뉴 산 와인을 칵테일 이름으로 한 칵테일.,0,,
바르보타주,"신맛, 단맛",중간 맛,6,#c55c09,wine&champagne,"오렌지 주스, 레몬 주스, 그레나덴 시럽, 샴페인",,레몬의 신맛이 나는 산뜻한 맛.,1,,
뱀부,쓴맛,쓴맛,16,#d0940e,wine&champagne,"드라이 셰리, 드라이 베르무트, 오렌지 비터",,식전의 가벼운 한 잔으로 적당한 산뜻하고 쓴맛의 칵테일.,1,,
피치 레이디,"단맛, 감칠맛",중간 맛,8,#9a4838,wine&champagne,"흰 와인, 피치트리, 스트로베리 시럽, 밀크",,어렴풋하게 연한 분홍색과 부드러운 감칠맛.,0,,
비숍,"신맛, 단맛",중간 맛,7,#7c191d,wine&champagne,"오렌지 주스, 레몬 주스, 설탕 가루, 브루고뉴 와인",,신맛이 나는 신선한 와인 맛의 칵테일.,1,,
푸스 라피에르,"쓴맛, 신맛",쓴맛,25,#62452e,wine&champagne,"아르마냑, 샴페인",,브랜디의 샴페인으로 희석한 특별한 날에 마시는 칵테일.,0,,
블랙 앤드 탠,단맛,단맛,23,#660a16,wine&champagne,"스위트 베르무트, 크림 드 카시스, 페르노",,페르노의 맛을 확실하게 맛볼 수 있다.,0,,
블랙 레인,"단맛, 쓴맛",중간 맛,17,#8a5307,wine&champagne,"샴페인, 블랙 삼브카",,인색한 남자를 가르키는 어른 취향의 검은 칵테일.,0,,
블랙 펄,"단맛, 커피맛",단맛,22,#402b24,wine&champagne,"티아 마리아, 브랜디, 샴페인",,달콤한 커피맛을 즐길 수 있다.,0,,
브로큰 스퍼,신맛,중간 맛,26,#aa6f29,wine&champagne,"포트와인, 드라이 진, 아니세트, 계란 노른자",,상큼함 아니세트의 맛을 즐길 수 있는 칵테일.,0,,
헤밍웨이,쓴맛,중간 맛,25,#c98e00,wine&champagne,"페르노, 샴페인",,문호 헤밍웨이가 고안한 페르노를 샴페인으로 희석한 것.,0,,
벨리니,"단맛, 신맛",단맛,9,#b85c01,wine&champagne,"스파클링 와인, 복숭아 넥타, 그레나덴 시럽",,최근에 유행하기 시작한 그림이 되는 칵테일.,0,,
베르무트 앤드 카시스,"단맛, 신맛",중간 맛,8,#8c5341,wine&champagne,"드라이 베르무트, 크림 드 카시스, 소다수",,프랑스를 대표하는 칵테일. 식전주로도 좋다.,0,,
포트 플립,단맛,단맛,8,#8f633c,wine&champagne,"포트와인, 브랜디, 설탕 시럽, 계란 노른자",,"너츠메그가 계란의 향을 없애서, 마시기 부드러운 영양이 충분한 술.",0,,
폼피에 데이지,상쾌한맛,중간 맛,7,#7a1412,wine&champagne,"드라이 베르무트, 크림 드 카시스, 소다수",,신선한 카시스의 맛을 충분히 즐길 수 있다.,0,,
미모사,"단맛, 신맛",중간 맛,7,#cc7300,wine&champagne,"샴페인, 오렌지 주스",,달콤하고 화려한 미각. 청량감이 뛰어나다.,1,,
루지타니아,쓴맛,중간 쓴맛,24,#8d652e,wine&champagne,"드라이 베르무트, 브랜디, 오렌지 비터, 페르노",,쌉쌀함과 독특한 향으로 식욕을 증진시키는 칵테일.,1,,
레글론,신맛,중간 맛,23,#8c5603,wine&champagne,"만다린 임페리얼, 드라이 샴페인",,오렌지의 맛과 향이 뛰어난 섬세한 맛을 즐길 수 있다.,1,,
로이 하워드,"신맛, 단맛",중간 단맛,18,#9f3127,wine&champagne,"릴레 블랑, 브랜디, 오렌지 주스, 그레나덴 시럽",,신선한 와인과 숙성한 브랜디의 조화.,1,,
로열 하이네스,"신맛, 쓴맛",중간 맛,21,#792e1c,wine&champagne,"모에 에 샨돈 블륫 임페리얼, 체리 마니에, 헤네시 VSOP, 플레시 라임 주스",,체리 마니에의 향과 샴페인의 맛이 조화를 이룬다.,1,,
로즈,쓴맛,중간 맛,22,#94431a,wine&champagne,"드라이 베르무트, 키르슈 왓사, 그레나덴 시럽",,우아한 장미색의 멋있는 작품.,0,,
워싱턴,단맛,중간 단맛,24,#ae5600,wine&champagne,"드라이 베르무트, 브랜디, 설탕, 앙고스트라 비터",,기품 있는 플래버가 식후의 충실감을 주는 칵테일.,0,,
와인 쿨러,신맛,중간 맛,12,#8e211e,wine&champagne,"로제 와인, 오렌지 주스, 그레나덴 시럽, 화이트 큐라소",,오렌지와 와인의 조화를 즐길 수 있는 청량감 있는 신선한 칵테일.,1,,
와인 코블러,신맛,중간 맛,10,#9a1c15,wine&champagne,"붉은 와인, 큐라소, 설탕 시럽",,청량감도 즐길 수 있는 더운 여름날에 적당한 칵테일.,0,,
애프터 디너,"단맛, 신맛",단맛,22,#b48813,liqueur,"아프리콧 브랜디, 오렌지 큐라소, 라임 주스",,두 종류의 리큐르를 사용한 식후주의 대표.,1,,
아프리콧 쿨러,"상쾌한맛, 신맛",중간 맛,7,#b17b33,liqueur,"아프리콧 브랜디, 레몬 주스, 그레나덴 시럽, 소다수",,외견상으로나 맛으로나 상쾌한 칵테일.,1,,
옐로 패롯,단맛,단맛,35,#d3b000,liqueur,"아프리콧 브랜디, 페르노, 샤르트뢰즈 옐로",,달콤한 맛이므로 너무 마시지 않도록 주의가 필요한 농후한 칵테일.,0,,
위도우즈 키스,"쓴맛, 신맛",중간 맛,33,#b67832,liqueur,"칼바도스, 베네딕틴, 샤르트뢰즈 옐로, 앙고스트라 비터",,칼바도스를 베이스로 한 풍만한 맛.,0,,
엔젤스 팁,"단맛, 부드러운맛",단맛,8,#764232,liqueur,"크림 드 카카오, 플레시 크림",,카카오의 향기로움과 생크림이 입안에서 혼합된다.,0,,
카카오 피즈,"초콜릿맛, 단맛",단맛,8,#846138,liqueur,"카카오 리큐르, 레몬 주스, 설탕, 소다수",,초콜릿과 같은 맛과 상큼함이 특징.,1,,
칼루아&밀크,"단맛, 부드러운맛",단맛,7,#b5b4c1,liqueur,"칼루아, 밀크",,비엔나 커피의 알코올 판.,0,,
캄파리 오렌지,신맛,중간 맛,8,#995d01,liqueur,"캄파리, 오렌지 주스",,저녁 식사에 인기가 있는 어른 대상의 칵테일.,1,,
키스 미 퀵,단맛,단맛,20,#cca915,liqueur,"페르노, 큐라소, 앙고스트라 비터, 소다수",,압생트의 향을 남긴 페르노 칵테일의 결정판.,0,,
쿠바 리브레 슈프림,단맛,단맛,12,#975f35,liqueur,"서던 컴포트, 플레시 라임, 콜라",,리큐르의 향이 콜라와 미묘하게 뒤섞였다.,1,,
키르슈 카시스,쓴맛,중간 맛,11,#9d3a2f,liqueur,"키르슈, 크림 드 카시스, 소다수",,향과 맛이 풍부한 어른 취향의 칵테일.,0,,
킹 알퐁소,"초콜릿맛, 부드러운맛, 단맛",단맛,20,#79706b,liqueur,"크림 드 카카오, 생크림",,차가운 초콜릿 드링크의 맛.,0,,
퀸 마니에,신맛,중간 맛,24,#9c3d2d,liqueur,"그랑 마니에 골든 루주, 체리 마니에, 화이트 럼, 플레시 레몬 주스, 그레나덴 시럽",,오렌지의 부드러운 맛.,1,,
쿨 바나나,"단맛, 부드러운맛",단맛,11,#90887e,liqueur,"크림 드 바나누, 큐라소, 생크림, 계란 흰자",,차가운 바나나의 맛을 칵테일로 만들었다.,0,,
그라스호퍼,"단맛, 상쾌한맛",단맛,15,#677864,liqueur,"페퍼민트 그린, 크림 드 카카오 화이트, 생크림",,의외로 깨끗한 식후주의 칵테일.,0,,
글래드 아이,"단맛, 상쾌한맛",단맛,22,#a8bc78,liqueur,"페르노, 크림 드 민트 그린",,녹색의 요정을 연상케 하는 아름다운 칵테일.,0,,
골든 캐딜락,"단맛, 부드러운맛",단맛,18,#ac9c7b,liqueur,"갈리아노, 크림 드 카카오 화이트, 생크림",,부자 기분으로 만드는 부드러운 맛.,0,,
삼부카 콘 모스카,단맛,단맛,38,#322955,liqueur,삼브카,,이탈리아 요리를 먹은 후 입가심으로 한잔.,0,,
스위트 하트,"단맛, 부드러운맛",단맛,15,#be970d,liqueur,"파르페타무르, 디사론노 아마렛토, 바닐라 시럽, 플레시 크림, 레드 큐라소",,제비꽃 향이 나는 엷은 보라색의 분위기 좋은 리큐르를 사용.,0,,
골든 드림,"감칠맛, 단맛",단맛,16,#ac9c7b,liqueur,"갈리아노, 화이트 큐라소, 오렌지 주스, 생크림",,감칠맛도 부드러워서 잘 때 마시는 술로 적합하다.,1,,
스위세스,"단맛, 상쾌한맛",단맛,26,#bd9900,liqueur,"페르노, 아니세트, 크림 드 민트 화이트, 계란 흰자, 오렌지 플라워 워터",,달콤함 가운데 민트의 상쾌함.,1,,
스노 사로노,"부드러운맛, 단맛",단맛,21,#9c6632,liqueur,"디사론노 아마렛토, 생크림",,아몬드 프레이버의 우아한 맛.,0,,
스노볼,"단맛, 상쾌한맛",단맛,4,#b89623,liqueur,"아드보카트, 라임 주스, 레모네이드 또는 세븐 업",,마시면 혀끝이 상쾌해지는 칵테일.,1,,
스프모니,"신맛, 단맛",중간 맛,5,#a7632c,liqueur,"캄파리, 그레이프 프루트 주스, 토닉 워터",,과일 주스처럼 가볍게 즐길 수 있는 칵테일.,1,,
슬리퍼리 니플,"단맛, 쓴맛, 부드러운맛",중간 맛,18,#b9b3ac,liqueur,"페이리즈 아이리시 크림, 블랙 삼브카",,"직역하면 매끈한 젖꼭지로, 어른 취향의 맛.",0,,
슬로 진 피즈,"신맛, 단맛",중간 맛,14,#cd742a,liqueur,"슬로 진, 레몬 주스, 설탕 시럽, 소다수",,여성들이 즐기는 우아한 칵테일.,1,,
체리 블로섬,신맛,중간 맛,28,#9d422d,liqueur,"체리 브랜디, 브랜디, 레몬 주스, 그레나덴 시럽, 큐라소",,일본산으로 세계적으로 유명한 칵테일.,1,,
찰리 채플린,단맛,단맛,26,#974d01,liqueur,"아프리콧 브랜디, 슬로진, 레몬 주스",,희극 왕 채플린의 이름을 딴 달콤한 향의 칵테일.,1,,
토마토,쓴맛,중간 맛,15,#a87d02,liqueur,"파스티스, 그레나덴 시럽",,향료 콜린스의 맛을 물로 희석하여 즐긴다.,0,,
나이트폴,신맛,중간 맛,6,#414e98,liqueur,"마리브리잘 파르페타무르, 찰스턴 망고스틴, 그레이프 프루트 주스, 크림 드 민트 화이트, 토닉 워터",,해가 저물 때의 우울한 한때에.,1,,
하버드 쿨러,신맛,중간 맛,12,#bdb79f,liqueur,"애플 브랜디, 레몬 주스, 설탕 시럽, 소다수",,시원한 느낌으로 보이게 하는 것이 비결.,1,,
펄 브리지,신맛,중간 맛,12,#8f4326,liqueur,"체리 마니에, 플레시 라임 주스, 그레나덴 시럽",,체리가 지닌 맛을 살린 상쾌한 칵테일.,1,,
바나나 브리스,단맛,단맛,26,#98614f,liqueur,"크림 드 바나누, 브랜디",,바나나의 맛과 브랜디의 향의 조화.,0,,
바이올렛 피즈,"신맛, 감칠맛",중간 맛,6,#9c895c,liqueur,"파르페타무르, 레몬 주스, 검 시럽, 소다수",,상큼하고 감칠맛이 좋아서 여성에게 딱 어울리는 칵테일.,1,,
파파게나,"초콜릿맛, 단맛, 부드러운맛",단맛,15,#ac9056,liqueur,"모차르트 초콜릿 리큐르, 브랜디, 생크림",,모차르트와 관련된 이름.,0,,
발렌시아,"단맛, 신맛",단맛,14,#b88825,liqueur,"아프리콧 브랜디, 오렌지 주스, 오렌지 비터",,심오한 달콤한 향과 과자와 같은 맛.,1,,
피콘 앤드 그레나덴,"쓴맛, 단맛",중간 맛,8,#85572c,liqueur,"아메르 피콘, 그레나덴 시럽, 소다수",,쓴맛이 나는 주드러운 드링크.,0,,
핑크 스콰렐,"단맛, 감칠맛, 부드러운맛",단맛,16,#9f9087,liqueur,"크림 드 노와요, 크림 드 카카오 화이트, 생크림",,아몬드 향이 나는 매혹적인 달콤함 칵테일.,0,,
핑퐁,단맛,단맛,21,#422716,liqueur,"슬로진, 크림 드 바이올렛, 레몬 주스",,대표적인 단맛의 애프터 디너 칵테일.,1,,
푸스 카페,쓴맛,쓴맛,28,#7c5d24,liqueur,"그레나덴 시럽, 멜론 리큐르, 화이트 페퍼민트, 블루 큐라소, 샤르트뢰즈 옐로, 브랜디",,다채로운 리큐르를 눈으로 즐기는 칵테일.,0,,
페어리랜드,단맛,단맛,35,#9e8355,liqueur,"크림 드 그랑 마니에, 헤네시 VSOP, 그랑 마니에 골든 루주, 카루아, 루시 초콜릿 시럽",,응축된 오렌지와 농후하고 부드러운 브랜디 맛의 칵테일.,0,,
블루 레이디,"부드러운맛, 단맛",중간 맛,17,#256eaf,liqueur,"블루 큐라소, 드라이 진, 레몬 주스, 계란 흰자",,결이 고운 계란 흰자의 거품이 부드러운 맛이 된다.,1,,
프렐류드 피즈,"단맛, 쓴맛",중간 맛,6,#a8744f,liqueur,"캄파리 비터, 칼피스, 레몬 주스, 소다수",,일본의 칼피스를 사용한 창작 칵테일.,1,,
벨벳 해머,"커피맛, 단맛, 부드러운맛",단맛,18,#816f47,liqueur,"화이트 큐라소, 티아 마리아, 생크림",,향이 진한 커피 맛의 식후주로서 적당.,0,,
페로케,"상쾌한맛, 신맛",중간 맛,12,#b99d2a,liqueur,"파스티스, 민트 시럽",,오이의 상큼한 냄새가 위장을 건강하게 해 줄 것 같다.,0,,
화이트 사틴,"부드러운맛, 감칠맛, 단맛",단맛,17,#917d65,liqueur,"커피 리큐르, 갈리아노, 생크림",,생크림 가득한 커피 칵테일.,0,,
민트 프라페,"상쾌한맛, 단맛",단맛,17,#185414,liqueur,페퍼민트 그린,,민트 향 가득한 시원한 칵테일.,0,,
메리 위도 No 2,단맛,단맛,23,#7a2213,liqueur,"체리 브랜디, 마라스키노",,스터로 만드는 리큐르 칵테일.,0,,
모레스크,부드러운맛,중간 맛,12,#d0b048,liqueur,"파스티스, 아몬드 시럽",,알코올이 강한 리큐르를 아몬드 향으로 마시기 부드럽게.,0,,
야파,신맛,중간 맛,18,#6c3e12,liqueur,"코안트로, 크림 드 민트 그린, 콜라",,오렌지 맛의 화려한 칵테일.,1,,
라포스토르 판타지,"부드러운맛, 단맛",중간 맛,28,#856130,liqueur,"그랑 마니에 골든 루주, 크림 드 카시스, 플레시 크림",,그랑 마니에의 제조원 라포스토르를 칵테일 이름으로.,0,,
루비 피즈,신맛,중간 맛,8,#9b6d38,liqueur,"슬로 진, 레몬 주스, 설탕 시럽, 그레나덴 시럽, 계란 흰자, 소다수",,보석인 루비를 이미지한 아름다운 색조.,1,,
레트 버틀러,"신맛, 단맛",단맛,26,#d0b33d,liqueur,"서던 컴포트, 오렌지 큐라소, 라임 주스, 레몬 주스",,감귤류가 듬뿍 함유된 달콤한 버번 풍의 칵테일.,1,,
아이 오브 더 허리케인,"신맛, 단맛",단맛,0,#b29b8d,non-alcoholic,"패션 프루트 시럽, 플레시 라임 주스, 레몬 소다수",,새콤달콤함을 지닌 산뜻한 맛.,1,,
애플 프레즐,신맛,중간 맛,0,#a0958f,non-alcoholic,"사과 주스, 설탕 시럽, 플레시 레몬 주스, 소다수",,레몬과 사과 맛이 나는 단맛을 억제한 드링크.,1,,
인코럽티블 샴페인,신맛,중간 맛,0,#cc942a,non-alcoholic,"그레이프 프루트 주스, 오렌지 주스, 레몬 소다수",,샴페인 베이스의 미노사와 비슷한 맛을 지닌다.,1,,
에그지트 12-E,"신맛, 단맛",단맛,0,#b55440,non-alcoholic,"로간베리 주스, 파인애플 주스, 플레시 라임 주스",,신선한 향. 새콤달콤하고 맛있는 드링크.,1,,
에그 크림,"신맛, 쓴맛",단맛,0,#a07c55,non-alcoholic,"초콜릿 시럽, 우유, 소다수",,우유의 농후함을 묽게 한 깨끗한 맛.,0,,
엔젤 스페셜,"초콜릿맛, 단맛, 부드러운맛",중간 맛,0,#a27b5b,non-alcoholic,"오렌지 주스, 그레나덴 시럽, 계란 노른자, 앙고스트라 비터",,"겉보기에는 샤베트와 같고, 맛은 쌉쌀하고 진하다.",1,,
카메하메하 펀치,"신맛, 단맛",단맛,0,#ae702f,non-alcoholic,"파인애플 주스, 아몬드 시럽, 플레시 라임 주스, 플레시 레몬 주스, 블랙베리 시럽",,하와이의 왕 이름을 딴 열대풍 드링크.,1,,
캐서린 블로섬,"신맛, 단맛",단맛,0,#c58329,non-alcoholic,"오렌지 주스, 메이플 시럽, 오렌지 샤베트, 소다수",,메이플의 미세한 맛과 향이 나는 색다른 주스.,1,,
쿨 콜린스,"신맛, 상쾌한맛",중간 맛,0,#b2a97e,non-alcoholic,"플레시 레몬 주스, 설탕, 민트 잎, 소다수",,레몬의 신맛과 민트가 입 안을 상쾌하게 해 주는 드링크.,1,,
크란베리 크림 칵테일,신맛,중간 맛,0,#723730,non-alcoholic,"크란베리 주스, 사과 주스, 코코넛 크림, 플레시 라임 주스, 그레나덴 시럽",,차게 하여 마시는 여름의 더위를 잊는 드링크.,1,,
그린 서머 쿨러,"상쾌한맛, 단맛",단맛,0,#7a8e49,non-alcoholic,"플레시 라임 주스, 파인애플 주스, 그린 페퍼민트 시럽, 진저 에일",,오이의 향이 샐러드 감각의 민트로 입 안을 상큼하게.,1,,
콰이어트 패션,"단맛, 신맛",단맛,0,#963d33,non-alcoholic,"포도 주스, 화이트 포도 주스, 패션 과일 주스",,포도 주스를 사용한 새콤달콤한 드링크.,1,,
케이프 코드 선라이즈,신맛,중간 맛,0,#a7453c,non-alcoholic,"크란베리 주스, 신선한 라임 주스",,신선한 라임의 신맛으로 그리 달지 않은 드링크.,1,,
캔투미,"단맛, 부드러운맛",단맛,0,#a1948a,non-alcoholic,"패션 프루트 시럽, 바닐라 아이스크림, 라임 주스, 소다수",,크림 소다수와 같은 바닐라 냄새가 나는 드링크.,1,,
코코 오코,"단맛, 부드러운맛",단맛,0,#cbcad2,non-alcoholic,"코코넛 시럽, 레몬 주스, 마라스키노 시럽, 우유, 앙고스트라 비터",,트로피컬 드링크 중에서 숨겨진 인기 있는 드링크.,1,,
코코 콜라,"신맛, 단맛, 부드러운맛",단맛,0,#835b32,non-alcoholic,"코코넛 밀크, 신선한 라임 주스, 콜라",,친숙한 코카콜라가 맛있게 변모한 드링크.,1,,
코코넛 쿨러,신맛,중간 맛,0,#a0927e,non-alcoholic,"코코넛 밀크, 신선한 라임 주스, 소다수",,"신맛으로, 여름의 더위를 잠시 잊게 해준다.",1,,
서머 쿨러,"신맛, 쓴맛",중간 맛,0,#a65334,non-alcoholic,"카시스 시럽, 오렌지 주스, 앙고스트라 비터",,비터의 쌉쌀한 맛으로 주스가 어른스러운 맛을 낸다.,1,,
서머 딜라이트,신맛,중간 맛,0,#822c23,non-alcoholic,"라임 주스, 그레나덴 시럽, 설탕, 소다수",,"붉게 물든 여름 한때, 단맛을 줄인 기분 좋은 드링크.",1,,
살라토가 쿨러,신맛,중간 맛,0,#a79370,non-alcoholic,"라임주스, 설탕, 진저 에일",,"단맛이 적은 산뜻한, 여름에 어울리는 드링크.",1,,
산드리용,"단맛, 신맛",단맛,0,#85542c,non-alcoholic,"레몬 주스, 오렌지 주스, 파인애플 주스",,혼합 과일 주스 맛의 드링크.,1,,
셜리 템플,"신맛, 단맛",단맛,0,#a16938,non-alcoholic,"그레나덴 시럽, 진저 에일 또는 레모네이드",,논 알코올 중에서는 가장 인기 높은 드링크.,1,,
잭스 스페셜,"신맛, 단맛",단맛,0,#a6583d,non-alcoholic,"딸기, 파인애플 주스, 레몬 주스",,딸기와 파인의 콤비가 맛을 배가시킨다.,1,,
쟈니 쥴렙,신맛,중간 맛,0,#937c4d,non-alcoholic,"레몬 주스, 설탕 시럽, 앙고스트라 비터, 진저 에일",,이름은 주렙이지만 레몬의 프레이버로 대용.,1,,
스윙거,"단맛, 신맛",단맛,0,#c29324,non-alcoholic,"그레이프 프루트 주스, 파인애플 주스, 설탕 시럽",,그레이프 프루트 주스의 신맛과 파인애플의 단맛이 조화를 이룬 드링크.,1,,
스키 와서,신맛,중간 맛,0,#a84235,non-alcoholic,"레몬 주스, 라즈베리 주스, 소다수",,신맛이 나는 드링크로 스포츠의 피로를 없애 준다.,1,,
스포츠맨,"단맛, 신맛",단맛,0,#9d622f,non-alcoholic,"플레시 레몬 주스, 라임 주스 코디얼, 그레나덴, 토닉 워터",,단맛과 신맛이 적당하여 누구라도 좋아하는 맛있는 드링크.,1,,
세이프 섹스 온 더 비치,"신맛, 단맛",단맛,0,#6e351a,non-alcoholic,"복숭아 넥타, 크란베리 주스, 파인애플 주스",,섹스 온 더 비치의 논 알코올 판. 겉보기에는 비슷하므로 요주의.,1,,
다니엘스 칵테일,신맛,중간 맛,0,#90532c,non-alcoholic,"플레시 오렌지 주스, 플레시 라임 주스, 그레나덴 시럽",,신선한 것끼리 조합한 건강 가득한 드링크.,1,,
더미 데이지,"신맛, 단맛",단맛,0,#904238,non-alcoholic,"라즈베리 시럽, 라임 주스, 설탕",,더미(가짜)라는 유머 있는 드링크.,1,,
트로피칼 스톰,"신맛, 단맛",단맛,0,#bb953c,non-alcoholic,"파인애플 주스, 플레시 라임 주스, 패션프루트 시럽, 아몬드 시럽",,여름의 산들바람을 타고 과일 향을 맡고 싶다.,1,,
통가,신맛,중간 맛,0,#91682d,non-alcoholic,"레몬 주스, 파인애플 주스, 그레나덴, 계란, 레모네이드",,단맛은 거의 느낄 수 없는 산뜻한 맛.,1,,
너티 콜라,신맛,중간 맛,0,#955f3c,non-alcoholic,"헤젤 너트 시럽, 플레시 라임 주스, 콜라",,헤젤 너트의 맛이 코카콜라를 바꾸었다.,1,,
버진 맨해튼,"감칠맛, 신맛",중간 맛,0,#a45d30,non-alcoholic,"크랑베리 주스, 오렌지 주스, 마라스키노 체리 주스, 레몬 주스, 오렌지 비터스",,마라스키노 프레이버가 감칠맛을 낸다.,1,,
버진 메리,신맛,중간 맛,0,#8d4a2f,non-alcoholic,"토마토 주스, 타바스코, 레몬 주스, 우스타 소스",,단순한 토마토 주스가 아닌 특징이 있는 드링크.,1,,
파슨스 스페셜,"단맛, 신맛",단맛,0,#ad9156,non-alcoholic,"그레나덴, 오렌지 주스, 계란 노른자",,계란 노른자가 들어간 오렌지 주스.,1,,
퍼플 피플 이터,신맛,중간 맛,0,#5b1d12,non-alcoholic,"포도 주스, 플레시 라임 주스, 소다수",,단맛이 적은 산뜻한 맛으로 언제든지 맛있게 마실 수 있다.,1,,
허니문,"단맛, 신맛",단맛,0,#9d6117,non-alcoholic,"메이플 시럽, 라임 주스, 오렌지 주스, 사과 주스",,메이플의 달콤한 맛과 논 알코올 칵테일.,1,,
바르바렐라,"신맛, 쓴맛",중간 맛,0,#87501d,non-alcoholic,"앙고스트라 비터, 스트로베리 시럽, 그레이프 프루트 주스",,비터 맛이 포인트가 되는 어른스러운 맛의 칵테일.,1,,
비치코머,"단맛, 신맛",단맛,0,#8a4e36,non-alcoholic,"구아바 주스, 라즈베리 시럽, 플레시 라임 주스",,구아바 향이 나는 트로피컬한 맛.,1,,
피치 멜바,신맛,중간 맛,0,#9a6244,non-alcoholic,"복숭아 넥타, 그레나덴 시럽, 레몬 주스, 라임 주스",,"복숭아 맛이 나는 부드러운 맛, 둥근 모양의 얼음을 넣는다.",1,,
포 키르,"신맛, 단맛",단맛,0,#923b2d,non-alcoholic,"라즈베리 시럽, 화이트 그레이프 주스",,키르 칵테일의 가짜. 유머가 있는 드링크.,1,,
푸시 캣,"단맛, 신맛",단맛,0,#c5742f,non-alcoholic,"오렌지 주스, 파인애플 주스, 그레이프 프루트 주스, 그레나덴 시럽",,이름대로 귀여운 칵테일.,1,,
푸시 푸트,단맛,단맛,0,#af813f,non-alcoholic,"오렌지 주스, 레몬 주스, 그레나덴 시럽, 계란 노른자",,약간의 감칠맛이 칵테일답다.,1,,
블랑 벡 민트,"단맛, 상쾌한맛",단맛,0,#2f8e39,non-alcoholic,"민트 시럽, 레몬 주스, 설탕 시럽, 라임 주스",,민트 캔디와 같은 상쾌한 드링크.,1,,
프루트 컵,"신맛, 단맛",단맛,0,#844800,non-alcoholic,"라즈베리 시럽, 스트로베리 시럽, 파인애플 주스, 레몬 주스, 오렌지 주스, 포도 주스",,과일을 가득 글라스에 채운 맛있는 드링크.,1,,
헤븐리 데이즈,신맛,중간 맛,0,#7d4609,non-alcoholic,"헤젤 너트 시럽, 레몬 주스, 그레나덴 시럽, 소다수",,너트 프레이버가 한층 다른 맛을 낸다.,1,,
머메이드스 송,"단맛, 신맛",단맛,0,#8e6700,non-alcoholic,"오렌지 주스, 패션 프루트 주스, 코코넛 밀크, 파인애플 주스, 라임 주스",,희미하게 들려오는 노래에 귀를 기울이면서 마시고 싶다.,1,,
먼디스 큐어,신맛,중간 맛,0,#772512,non-alcoholic,"크란베리 주스, 그레이프 프루트 주스, 라임 주스",,우울한 월요일에는 이 드링크로 신선하게.,1,,
레드 솜브레로,"단맛, 신맛",단맛,0,#7a2a16,non-alcoholic,"파인애플 주스, 오렌지 주스, 레몬 주스, 그레나덴 시럽, 진저 에일",,그레나덴의 단맛을 주로 하여 파인애플의 향을 낸다.,1,,
레드 와인 샌드 가프,신맛,중간 맛,6.3,#8d423a,beer,"붉은 와인, 진저 에일, 맥주",,영국의 맥주 칵테일을 붉은 와인으로 각색.,0,,
살구&그레이프 프루트 비어,신맛,중간 맛,7.6,#9e560b,beer,"아프리콧 브랜디, 그레이프 프루트 주스, 시럽, 맥주",,아프리콧의 맛이 맥주를 부드럽게 한다.,0,,
카시스 크란베리 비어,"상쾌한맛, 신맛",중간 맛,5.3,#c07d25,beer,"크림 드 카시스, 크란베리 주스, 맥주",,신선한 향이 퍼지는 상쾌한 드링크.,0,,
칼피스 비어,감칠맛,중간 맛,5.4,#ce934e,beer,"아니세트, 칼피스, 맥주",,아니스의 개성 있는 향을 맥주에 곁들인 칵테일.,0,,
캄파리 비어,쓴맛,중간 맛,10,#906746,beer,"캄파리, 맥주",,"캄파리의 쓴맛이 맛을 깊게 하여, 어른스러운 맥주가 된다.",0,,
샌디 가프,쓴맛,중간 맛,2,#906746,beer,"스타우트, 진저 에일",,약간의 농후한 맛을 지닌 영국에서 인기 있는 칵테일.,0,,
서브마리노,쓴맛,중간 맛,28,#906746,beer,"화이트 테킬라, 맥주",,속에 가라앉은 글라스에서 테킬라의 맛이 솟아오른다.,0,,
진저 비어,쓴맛,중간 맛,30,#906746,beer,"진저 브랜디, 다크 비어 적당량",,진저의 향을 지닌 도수가 확실히 있는 맥주.,0,,
스톤 헤드,쓴맛,중간 맛,5,#b8844b,beer,"진저 리큐르, 맥주",,색다른 맥주가 마시고 싶을 때에 권장.,0,,
스트로베리 비어,"신맛, 쓴맛",중간 맛,7,#a45800,beer,"크림 드 플레이즈, 소다수, 맥주",,딸기 프레이버가 맥주를 달게 감싼다.,0,,
데프스 차이,쓴맛,중간 맛,20,#906746,beer,"슈납스, 맥주",,맥주처럼 보이지만 알코올 도수는 높다.,0,,
도그스 노즈,"쓴맛, 감칠맛",쓴맛,10,#906746,beer,"드라이 진, 맥주",,진의 자극적인 감칠맛이 남성다움을 연출하는 칵테일.,0,,
파나세,"신맛, 쓴맛",중간 맛,2,#84560d,beer,"맥주, 레모네이드",,동명의 논 알코올도 있다. 가볍고 도수도 낮은 칵테일.,1,,
바나나 비어,"단맛, 쓴맛",중간 맛,10.2,#c1a624,beer,"바나나 리큐르, 맥주",,바나나 향을 첨가한 트로피컬 테이스트.,0,,
비어 버스터,쓴맛,쓴맛,30,#906746,beer,"보드카, 맥주, 타바스코",,맥주의 자극적인 맛에 도수도 높은 쓴맛의 드링크.,0,,
비어 풀립,"단맛, 쓴맛, 부드러운맛",단맛,2,#906746,beer,"포트와인, 계란 흰자, 계란 노른자, 설탕 시럽, 맥주",,농후한 맛이 특징인 색다른 맥주를 시험하고 싶다.,0,,
비어 스프리처,쓴맛,중간 맛,9.5,#ceab00,beer,"흰 와인, 맥주",,가정에서 가볍게 즐길 수 있는 맥주 칵테일.,0,,
피치 비어,신맛,중간 맛,6.9,#c67f3e,beer,"피치 리큐르, 맥주, 그레나덴 시럽",,복숭아 향과 단맛의 부드러운 맛을 내는 칵테일.,0,,
블랙 벨벳,쓴맛,중간 맛,9.5,#220c11,beer,"스타우트, 샴페인",,벨벳과 같은 거품의 유럽의 전통적 칵테일.,0,,
프랑젤리코 파인 비어,신맛,중간 맛,10.9,#ac6900,beer,"프랑젤리코, 오렌지 큐라소, 파인애플 주스, 맥주",,깊이가 있는 프레이버가 맥주에 감칠맛과 맛을 더해 준다.,1,,
프랑부아즈 비어,신맛,중간 맛,6.7,#962917,beer,"크림 드 프랑부아즈, 크림 드 카시스, 레몬 주스, 맥주",,신선한 향이 맥주를 감싼다.,1,,
블루 비어,쓴맛,중간 맛,11,#667926,beer,"마라스키노, 블루 큐라소, 맥주",,그린 색채가 아름다운 신선한 맛의 칵테일.,0,,
보일러메이커,쓴맛,쓴맛,35,#906746,beer,"맥주, 위스키",,글라스를 가라앉혀서 위스키와 맥주의 양쪽을 즐긴다.,0,,
말차 비어,"녹차맛, 단맛",단맛,7.9,#4d6403,beer,"녹차 리큐르, 맥주",,일본산의 여성에게 인기 있는 칵테일.,0,,
마린 스노,단맛,중간 맛,5.7,#37611d,beer,"블루 큐라소, 칼피스, 소다수, 맥주",,마린 블루의 바다에 흰 눈이 내리는 칵테일.,0,,
민트 비어,상쾌한맛,중간 맛,7.9,#837e00,beer,"맥주, 프리조 민트 그린",,민트의 청량감 넘치는 맛으로 보기에도 아름다운 칵테일.,0,,
모카 쿠로나마,커피맛,중간 맛,7.9,#2f201e,beer,"모카 리큐르, 아사히 쿠로나마",,"커피 맛이 나는 식전, 식후에 마시는 칵테일.",0,,
요슈,쓴맛,쓴맛,36,#906746,beer,"보드카, 맥주",,술을 좋아하는 미국인이 고안한 도수 높은 맥주 칵테일.,0,,
애플 비어,"신맛, 단맛",단맛,8.1,#ac7400,beer,"니커 브랜디 X.O, 사과 주스, 설탕 시럽, 맥주",,사과 주스의 단맛이 맥주를 맛있게 만든다.,1,,
레드 아이,신맛,중간 맛,2.5,#5c0a0b,beer,"맥주, 토마토 주스",,친숙한 토마토 주스가 몸에 부드러운 칵테일.,1,,